team,year,link
Air Force Falcons,2015-16,http://stats.ncaa.org/player/game_by_game?game_sport_year_ctl_id=12240&org_id=721&stats_player_seq=-100
Air Force Falcons,2016-17,http://stats.ncaa.org/player/game_by_game?game_sport_year_ctl_id=12424&org_id=721&stats_player_seq=-100
Air Force Falcons,2013-14,http://stats.ncaa.org/player/game_by_game?game_sport_year_ctl_id=11520&org_id=721&stats_player_seq=-100
Air Force Falcons,2014-15,http://stats.ncaa.org/player/game_by_game?game_sport_year_ctl_id=11980&org_id=721&stats_player_seq=-100
Akron Zips,2014-15,http://stats.ncaa.org/player/game_by_game?game_sport_year_ctl_id=11980&org_id=5&stats_player_seq=-100
Akron Zips,2016-17,http://stats.ncaa.org/player/game_by_game?game_sport_year_ctl_id=12424&org_id=5&stats_player_seq=-100
Akron Zips,2013-14,http://stats.ncaa.org/player/game_by_game?game_sport_year_ctl_id=11520&org_id=5&stats_player_seq=-100
Akron Zips,2015-16,http://stats.ncaa.org/player/game_by_game?game_sport_year_ctl_id=12240&org_id=5&stats_player_seq=-100
Alabama Crimson Tide,2016-17,http://stats.ncaa.org/player/game_by_game?game_sport_year_ctl_id=12424&org_id=8&stats_player_seq=-100
Alabama Crimson Tide,2013-14,http://stats.ncaa.org/player/game_by_game?game_sport_year_ctl_id=11520&org_id=8&stats_player_seq=-100
Alabama Crimson Tide,2015-16,http://stats.ncaa.org/player/game_by_game?game_sport_year_ctl_id=12240&org_id=8&stats_player_seq=-100
Alabama Crimson Tide,2014-15,http://stats.ncaa.org/player/game_by_game?game_sport_year_ctl_id=11980&org_id=8&stats_player_seq=-100
Appalachian St. Mountaineers,2014-15,http://stats.ncaa.org/player/game_by_game?game_sport_year_ctl_id=11980&org_id=27&stats_player_seq=-100
Appalachian St. Mountaineers,2016-17,http://stats.ncaa.org/player/game_by_game?game_sport_year_ctl_id=12424&org_id=27&stats_player_seq=-100
Appalachian St. Mountaineers,2013-14,http://stats.ncaa.org/player/game_by_game?game_sport_year_ctl_id=11520&org_id=27&stats_player_seq=-100
Appalachian St. Mountaineers,2015-16,http://stats.ncaa.org/player/game_by_game?game_sport_year_ctl_id=12240&org_id=27&stats_player_seq=-100
Arizona St. Sun Devils,2015-16,http://stats.ncaa.org/player/game_by_game?game_sport_year_ctl_id=12240&org_id=28&stats_player_seq=-100
Arizona St. Sun Devils,2016-17,http://stats.ncaa.org/player/game_by_game?game_sport_year_ctl_id=12424&org_id=28&stats_player_seq=-100
Arizona St. Sun Devils,2014-15,http://stats.ncaa.org/player/game_by_game?game_sport_year_ctl_id=11980&org_id=28&stats_player_seq=-100
Arizona Wildcats,2015-16,http://stats.ncaa.org/player/game_by_game?game_sport_year_ctl_id=12240&org_id=29&stats_player_seq=-100
Arizona Wildcats,2016-17,http://stats.ncaa.org/player/game_by_game?game_sport_year_ctl_id=12424&org_id=29&stats_player_seq=-100
Arizona Wildcats,2014-15,http://stats.ncaa.org/player/game_by_game?game_sport_year_ctl_id=11980&org_id=29&stats_player_seq=-100
Arizona Wildcats,2013-14,http://stats.ncaa.org/player/game_by_game?game_sport_year_ctl_id=11520&org_id=29&stats_player_seq=-100
Arkansas Razorbacks,2014-15,http://stats.ncaa.org/player/game_by_game?game_sport_year_ctl_id=11980&org_id=31&stats_player_seq=-100
Arkansas Razorbacks,2013-14,http://stats.ncaa.org/player/game_by_game?game_sport_year_ctl_id=11520&org_id=31&stats_player_seq=-100
Arkansas Razorbacks,2015-16,http://stats.ncaa.org/player/game_by_game?game_sport_year_ctl_id=12240&org_id=31&stats_player_seq=-100
Arkansas Razorbacks,2016-17,http://stats.ncaa.org/player/game_by_game?game_sport_year_ctl_id=12424&org_id=31&stats_player_seq=-100
Arkansas St. Red Wolves,2016-17,http://stats.ncaa.org/player/game_by_game?game_sport_year_ctl_id=12424&org_id=30&stats_player_seq=-100
Arkansas St. Red Wolves,2014-15,http://stats.ncaa.org/player/game_by_game?game_sport_year_ctl_id=11980&org_id=30&stats_player_seq=-100
Army West Point Black Knights,2013-14,http://stats.ncaa.org/player/game_by_game?game_sport_year_ctl_id=11520&org_id=725&stats_player_seq=-100
Army West Point Black Knights,2016-17,http://stats.ncaa.org/player/game_by_game?game_sport_year_ctl_id=12424&org_id=725&stats_player_seq=-100
Army West Point Black Knights,2014-15,http://stats.ncaa.org/player/game_by_game?game_sport_year_ctl_id=11980&org_id=725&stats_player_seq=-100
Army West Point Black Knights,2015-16,http://stats.ncaa.org/player/game_by_game?game_sport_year_ctl_id=12240&org_id=725&stats_player_seq=-100
Auburn Tigers,2013-14,http://stats.ncaa.org/player/game_by_game?game_sport_year_ctl_id=11520&org_id=37&stats_player_seq=-100
Auburn Tigers,2016-17,http://stats.ncaa.org/player/game_by_game?game_sport_year_ctl_id=12424&org_id=37&stats_player_seq=-100
Auburn Tigers,2014-15,http://stats.ncaa.org/player/game_by_game?game_sport_year_ctl_id=11980&org_id=37&stats_player_seq=-100
Auburn Tigers,2015-16,http://stats.ncaa.org/player/game_by_game?game_sport_year_ctl_id=12240&org_id=37&stats_player_seq=-100
BYU Cougars,2014-15,http://stats.ncaa.org/player/game_by_game?game_sport_year_ctl_id=11980&org_id=77&stats_player_seq=-100
BYU Cougars,2013-14,http://stats.ncaa.org/player/game_by_game?game_sport_year_ctl_id=11520&org_id=77&stats_player_seq=-100
BYU Cougars,2016-17,http://stats.ncaa.org/player/game_by_game?game_sport_year_ctl_id=12424&org_id=77&stats_player_seq=-100
BYU Cougars,2015-16,http://stats.ncaa.org/player/game_by_game?game_sport_year_ctl_id=12240&org_id=77&stats_player_seq=-100
Ball St. Cardinals,2014-15,http://stats.ncaa.org/player/game_by_game?game_sport_year_ctl_id=11980&org_id=47&stats_player_seq=-100
Ball St. Cardinals,2015-16,http://stats.ncaa.org/player/game_by_game?game_sport_year_ctl_id=12240&org_id=47&stats_player_seq=-100
Ball St. Cardinals,2016-17,http://stats.ncaa.org/player/game_by_game?game_sport_year_ctl_id=12424&org_id=47&stats_player_seq=-100
Ball St. Cardinals,2013-14,http://stats.ncaa.org/player/game_by_game?game_sport_year_ctl_id=11520&org_id=47&stats_player_seq=-100
Baylor Bears,2015-16,http://stats.ncaa.org/player/game_by_game?game_sport_year_ctl_id=12240&org_id=51&stats_player_seq=-100
Baylor Bears,2013-14,http://stats.ncaa.org/player/game_by_game?game_sport_year_ctl_id=11520&org_id=51&stats_player_seq=-100
Baylor Bears,2016-17,http://stats.ncaa.org/player/game_by_game?game_sport_year_ctl_id=12424&org_id=51&stats_player_seq=-100
Baylor Bears,2014-15,http://stats.ncaa.org/player/game_by_game?game_sport_year_ctl_id=11980&org_id=51&stats_player_seq=-100
Boise St. Broncos,2014-15,http://stats.ncaa.org/player/game_by_game?game_sport_year_ctl_id=11980&org_id=66&stats_player_seq=-100
Boise St. Broncos,2015-16,http://stats.ncaa.org/player/game_by_game?game_sport_year_ctl_id=12240&org_id=66&stats_player_seq=-100
Boise St. Broncos,2013-14,http://stats.ncaa.org/player/game_by_game?game_sport_year_ctl_id=11520&org_id=66&stats_player_seq=-100
Boise St. Broncos,2016-17,http://stats.ncaa.org/player/game_by_game?game_sport_year_ctl_id=12424&org_id=66&stats_player_seq=-100
Boston College Eagles,2016-17,http://stats.ncaa.org/player/game_by_game?game_sport_year_ctl_id=12424&org_id=67&stats_player_seq=-100
Boston College Eagles,2013-14,http://stats.ncaa.org/player/game_by_game?game_sport_year_ctl_id=11520&org_id=67&stats_player_seq=-100
Boston College Eagles,2015-16,http://stats.ncaa.org/player/game_by_game?game_sport_year_ctl_id=12240&org_id=67&stats_player_seq=-100
Boston College Eagles,2014-15,http://stats.ncaa.org/player/game_by_game?game_sport_year_ctl_id=11980&org_id=67&stats_player_seq=-100
Bowling Green Falcons,2013-14,http://stats.ncaa.org/player/game_by_game?game_sport_year_ctl_id=11520&org_id=71&stats_player_seq=-100
Bowling Green Falcons,2014-15,http://stats.ncaa.org/player/game_by_game?game_sport_year_ctl_id=11980&org_id=71&stats_player_seq=-100
Bowling Green Falcons,2016-17,http://stats.ncaa.org/player/game_by_game?game_sport_year_ctl_id=12424&org_id=71&stats_player_seq=-100
Bowling Green Falcons,2015-16,http://stats.ncaa.org/player/game_by_game?game_sport_year_ctl_id=12240&org_id=71&stats_player_seq=-100
Buffalo Bulls,2013-14,http://stats.ncaa.org/player/game_by_game?game_sport_year_ctl_id=11520&org_id=86&stats_player_seq=-100
Buffalo Bulls,2015-16,http://stats.ncaa.org/player/game_by_game?game_sport_year_ctl_id=12240&org_id=86&stats_player_seq=-100
Buffalo Bulls,2016-17,http://stats.ncaa.org/player/game_by_game?game_sport_year_ctl_id=12424&org_id=86&stats_player_seq=-100
Buffalo Bulls,2014-15,http://stats.ncaa.org/player/game_by_game?game_sport_year_ctl_id=11980&org_id=86&stats_player_seq=-100
California Golden Bears,2016-17,http://stats.ncaa.org/player/game_by_game?game_sport_year_ctl_id=12424&org_id=107&stats_player_seq=-100
California Golden Bears,2013-14,http://stats.ncaa.org/player/game_by_game?game_sport_year_ctl_id=11520&org_id=107&stats_player_seq=-100
Central Mich. Chippewas,2016-17,http://stats.ncaa.org/player/game_by_game?game_sport_year_ctl_id=12424&org_id=129&stats_player_seq=-100
Charlotte 49ers,2016-17,http://stats.ncaa.org/player/game_by_game?game_sport_year_ctl_id=12424&org_id=458&stats_player_seq=-100
Charlotte 49ers,2015-16,http://stats.ncaa.org/player/game_by_game?game_sport_year_ctl_id=12240&org_id=458&stats_player_seq=-100
Charlotte 49ers,2014-15,http://stats.ncaa.org/player/game_by_game?game_sport_year_ctl_id=11980&org_id=458&stats_player_seq=-100
Cincinnati Bearcats,2016-17,http://stats.ncaa.org/player/game_by_game?game_sport_year_ctl_id=12424&org_id=140&stats_player_seq=-100
Cincinnati Bearcats,2013-14,http://stats.ncaa.org/player/game_by_game?game_sport_year_ctl_id=11520&org_id=140&stats_player_seq=-100
Cincinnati Bearcats,2015-16,http://stats.ncaa.org/player/game_by_game?game_sport_year_ctl_id=12240&org_id=140&stats_player_seq=-100
Cincinnati Bearcats,2014-15,http://stats.ncaa.org/player/game_by_game?game_sport_year_ctl_id=11980&org_id=140&stats_player_seq=-100
Clemson Tigers,2014-15,http://stats.ncaa.org/player/game_by_game?game_sport_year_ctl_id=11980&org_id=147&stats_player_seq=-100
Clemson Tigers,2013-14,http://stats.ncaa.org/player/game_by_game?game_sport_year_ctl_id=11520&org_id=147&stats_player_seq=-100
Clemson Tigers,2016-17,http://stats.ncaa.org/player/game_by_game?game_sport_year_ctl_id=12424&org_id=147&stats_player_seq=-100
Clemson Tigers,2015-16,http://stats.ncaa.org/player/game_by_game?game_sport_year_ctl_id=12240&org_id=147&stats_player_seq=-100
Coastal Caro. Chanticleers,2016-17,http://stats.ncaa.org/player/game_by_game?game_sport_year_ctl_id=12424&org_id=149&stats_player_seq=-100
Colorado Buffaloes,2016-17,http://stats.ncaa.org/player/game_by_game?game_sport_year_ctl_id=12424&org_id=157&stats_player_seq=-100
Colorado Buffaloes,2015-16,http://stats.ncaa.org/player/game_by_game?game_sport_year_ctl_id=12240&org_id=157&stats_player_seq=-100
Colorado Buffaloes,2014-15,http://stats.ncaa.org/player/game_by_game?game_sport_year_ctl_id=11980&org_id=157&stats_player_seq=-100
Colorado Buffaloes,2013-14,http://stats.ncaa.org/player/game_by_game?game_sport_year_ctl_id=11520&org_id=157&stats_player_seq=-100
Colorado St. Rams,2016-17,http://stats.ncaa.org/player/game_by_game?game_sport_year_ctl_id=12424&org_id=156&stats_player_seq=-100
Colorado St. Rams,2014-15,http://stats.ncaa.org/player/game_by_game?game_sport_year_ctl_id=11980&org_id=156&stats_player_seq=-100
Colorado St. Rams,2015-16,http://stats.ncaa.org/player/game_by_game?game_sport_year_ctl_id=12240&org_id=156&stats_player_seq=-100
Colorado St. Rams,2013-14,http://stats.ncaa.org/player/game_by_game?game_sport_year_ctl_id=11520&org_id=156&stats_player_seq=-100
Duke Blue Devils,2016-17,http://stats.ncaa.org/player/game_by_game?game_sport_year_ctl_id=12424&org_id=193&stats_player_seq=-100
Duke Blue Devils,2014-15,http://stats.ncaa.org/player/game_by_game?game_sport_year_ctl_id=11980&org_id=193&stats_player_seq=-100
Duke Blue Devils,2015-16,http://stats.ncaa.org/player/game_by_game?game_sport_year_ctl_id=12240&org_id=193&stats_player_seq=-100
Duke Blue Devils,2013-14,http://stats.ncaa.org/player/game_by_game?game_sport_year_ctl_id=11520&org_id=193&stats_player_seq=-100
East Carolina Pirates,2014-15,http://stats.ncaa.org/player/game_by_game?game_sport_year_ctl_id=11980&org_id=196&stats_player_seq=-100
East Carolina Pirates,2016-17,http://stats.ncaa.org/player/game_by_game?game_sport_year_ctl_id=12424&org_id=196&stats_player_seq=-100
East Carolina Pirates,2013-14,http://stats.ncaa.org/player/game_by_game?game_sport_year_ctl_id=11520&org_id=196&stats_player_seq=-100
Eastern Mich. Eagles,2015-16,http://stats.ncaa.org/player/game_by_game?game_sport_year_ctl_id=12240&org_id=204&stats_player_seq=-100
Eastern Mich. Eagles,2014-15,http://stats.ncaa.org/player/game_by_game?game_sport_year_ctl_id=11980&org_id=204&stats_player_seq=-100
Eastern Mich. Eagles,2016-17,http://stats.ncaa.org/player/game_by_game?game_sport_year_ctl_id=12424&org_id=204&stats_player_seq=-100
Eastern Mich. Eagles,2013-14,http://stats.ncaa.org/player/game_by_game?game_sport_year_ctl_id=11520&org_id=204&stats_player_seq=-100
FIU Panthers,2015-16,http://stats.ncaa.org/player/game_by_game?game_sport_year_ctl_id=12240&org_id=231&stats_player_seq=-100
FIU Panthers,2013-14,http://stats.ncaa.org/player/game_by_game?game_sport_year_ctl_id=11520&org_id=231&stats_player_seq=-100
FIU Panthers,2016-17,http://stats.ncaa.org/player/game_by_game?game_sport_year_ctl_id=12424&org_id=231&stats_player_seq=-100
FIU Panthers,2014-15,http://stats.ncaa.org/player/game_by_game?game_sport_year_ctl_id=11980&org_id=231&stats_player_seq=-100
Fla. Atlantic Owls,2016-17,http://stats.ncaa.org/player/game_by_game?game_sport_year_ctl_id=12424&org_id=229&stats_player_seq=-100
Fla. Atlantic Owls,2014-15,http://stats.ncaa.org/player/game_by_game?game_sport_year_ctl_id=11980&org_id=229&stats_player_seq=-100
Fla. Atlantic Owls,2013-14,http://stats.ncaa.org/player/game_by_game?game_sport_year_ctl_id=11520&org_id=229&stats_player_seq=-100
Fla. Atlantic Owls,2015-16,http://stats.ncaa.org/player/game_by_game?game_sport_year_ctl_id=12240&org_id=229&stats_player_seq=-100
Florida Gators,2015-16,http://stats.ncaa.org/player/game_by_game?game_sport_year_ctl_id=12240&org_id=235&stats_player_seq=-100
Florida Gators,2016-17,http://stats.ncaa.org/player/game_by_game?game_sport_year_ctl_id=12424&org_id=235&stats_player_seq=-100
Florida Gators,2014-15,http://stats.ncaa.org/player/game_by_game?game_sport_year_ctl_id=11980&org_id=235&stats_player_seq=-100
Florida St. Seminoles,2015-16,http://stats.ncaa.org/player/game_by_game?game_sport_year_ctl_id=12240&org_id=234&stats_player_seq=-100
Florida St. Seminoles,2016-17,http://stats.ncaa.org/player/game_by_game?game_sport_year_ctl_id=12424&org_id=234&stats_player_seq=-100
Florida St. Seminoles,2013-14,http://stats.ncaa.org/player/game_by_game?game_sport_year_ctl_id=11520&org_id=234&stats_player_seq=-100
Florida St. Seminoles,2014-15,http://stats.ncaa.org/player/game_by_game?game_sport_year_ctl_id=11980&org_id=234&stats_player_seq=-100
Fresno St. Bulldogs,2015-16,http://stats.ncaa.org/player/game_by_game?game_sport_year_ctl_id=12240&org_id=96&stats_player_seq=-100
Fresno St. Bulldogs,2016-17,http://stats.ncaa.org/player/game_by_game?game_sport_year_ctl_id=12424&org_id=96&stats_player_seq=-100
Fresno St. Bulldogs,2013-14,http://stats.ncaa.org/player/game_by_game?game_sport_year_ctl_id=11520&org_id=96&stats_player_seq=-100
Fresno St. Bulldogs,2014-15,http://stats.ncaa.org/player/game_by_game?game_sport_year_ctl_id=11980&org_id=96&stats_player_seq=-100
Ga. Southern Eagles,2013-14,http://stats.ncaa.org/player/game_by_game?game_sport_year_ctl_id=11520&org_id=253&stats_player_seq=-100
Ga. Southern Eagles,2015-16,http://stats.ncaa.org/player/game_by_game?game_sport_year_ctl_id=12240&org_id=253&stats_player_seq=-100
Ga. Southern Eagles,2014-15,http://stats.ncaa.org/player/game_by_game?game_sport_year_ctl_id=11980&org_id=253&stats_player_seq=-100
Ga. Southern Eagles,2016-17,http://stats.ncaa.org/player/game_by_game?game_sport_year_ctl_id=12424&org_id=253&stats_player_seq=-100
Georgia Bulldogs,2014-15,http://stats.ncaa.org/player/game_by_game?game_sport_year_ctl_id=11980&org_id=257&stats_player_seq=-100
Georgia Bulldogs,2015-16,http://stats.ncaa.org/player/game_by_game?game_sport_year_ctl_id=12240&org_id=257&stats_player_seq=-100
Georgia Bulldogs,2013-14,http://stats.ncaa.org/player/game_by_game?game_sport_year_ctl_id=11520&org_id=257&stats_player_seq=-100
Georgia Bulldogs,2016-17,http://stats.ncaa.org/player/game_by_game?game_sport_year_ctl_id=12424&org_id=257&stats_player_seq=-100
Georgia St. Panthers,2013-14,http://stats.ncaa.org/player/game_by_game?game_sport_year_ctl_id=11520&org_id=254&stats_player_seq=-100
Georgia St. Panthers,2015-16,http://stats.ncaa.org/player/game_by_game?game_sport_year_ctl_id=12240&org_id=254&stats_player_seq=-100
Georgia St. Panthers,2016-17,http://stats.ncaa.org/player/game_by_game?game_sport_year_ctl_id=12424&org_id=254&stats_player_seq=-100
Georgia Tech Yellow Jackets,2016-17,http://stats.ncaa.org/player/game_by_game?game_sport_year_ctl_id=12424&org_id=255&stats_player_seq=-100
Georgia Tech Yellow Jackets,2015-16,http://stats.ncaa.org/player/game_by_game?game_sport_year_ctl_id=12240&org_id=255&stats_player_seq=-100
Georgia Tech Yellow Jackets,2014-15,http://stats.ncaa.org/player/game_by_game?game_sport_year_ctl_id=11980&org_id=255&stats_player_seq=-100
Georgia St. Panthers,2014-15,http://stats.ncaa.org/player/game_by_game?game_sport_year_ctl_id=11980&org_id=254&stats_player_seq=-100
Hawaii Rainbow Warriors,2015-16,http://stats.ncaa.org/player/game_by_game?game_sport_year_ctl_id=12240&org_id=277&stats_player_seq=-100
Hawaii Rainbow Warriors,2016-17,http://stats.ncaa.org/player/game_by_game?game_sport_year_ctl_id=12424&org_id=277&stats_player_seq=-100
Hawaii Rainbow Warriors,2013-14,http://stats.ncaa.org/player/game_by_game?game_sport_year_ctl_id=11520&org_id=277&stats_player_seq=-100
Hawaii Rainbow Warriors,2014-15,http://stats.ncaa.org/player/game_by_game?game_sport_year_ctl_id=11980&org_id=277&stats_player_seq=-100
Houston Cougars,2015-16,http://stats.ncaa.org/player/game_by_game?game_sport_year_ctl_id=12240&org_id=288&stats_player_seq=-100
Houston Cougars,2014-15,http://stats.ncaa.org/player/game_by_game?game_sport_year_ctl_id=11980&org_id=288&stats_player_seq=-100
Houston Cougars,2013-14,http://stats.ncaa.org/player/game_by_game?game_sport_year_ctl_id=11520&org_id=288&stats_player_seq=-100
Houston Cougars,2016-17,http://stats.ncaa.org/player/game_by_game?game_sport_year_ctl_id=12424&org_id=288&stats_player_seq=-100
Idaho Vandals,2013-14,http://stats.ncaa.org/player/game_by_game?game_sport_year_ctl_id=11520&org_id=295&stats_player_seq=-100
Idaho Vandals,2015-16,http://stats.ncaa.org/player/game_by_game?game_sport_year_ctl_id=12240&org_id=295&stats_player_seq=-100
Idaho Vandals,2014-15,http://stats.ncaa.org/player/game_by_game?game_sport_year_ctl_id=11980&org_id=295&stats_player_seq=-100
Idaho Vandals,2016-17,http://stats.ncaa.org/player/game_by_game?game_sport_year_ctl_id=12424&org_id=295&stats_player_seq=-100
Illinois Fighting Illini,2013-14,http://stats.ncaa.org/player/game_by_game?game_sport_year_ctl_id=11520&org_id=301&stats_player_seq=-100
Illinois Fighting Illini,2015-16,http://stats.ncaa.org/player/game_by_game?game_sport_year_ctl_id=12240&org_id=301&stats_player_seq=-100
Illinois Fighting Illini,2014-15,http://stats.ncaa.org/player/game_by_game?game_sport_year_ctl_id=11980&org_id=301&stats_player_seq=-100
Illinois Fighting Illini,2016-17,http://stats.ncaa.org/player/game_by_game?game_sport_year_ctl_id=12424&org_id=301&stats_player_seq=-100
Indiana Hoosiers,2013-14,http://stats.ncaa.org/player/game_by_game?game_sport_year_ctl_id=11520&org_id=306&stats_player_seq=-100
Indiana Hoosiers,2014-15,http://stats.ncaa.org/player/game_by_game?game_sport_year_ctl_id=11980&org_id=306&stats_player_seq=-100
Indiana Hoosiers,2016-17,http://stats.ncaa.org/player/game_by_game?game_sport_year_ctl_id=12424&org_id=306&stats_player_seq=-100
Indiana Hoosiers,2015-16,http://stats.ncaa.org/player/game_by_game?game_sport_year_ctl_id=12240&org_id=306&stats_player_seq=-100
Iowa Hawkeyes,2014-15,http://stats.ncaa.org/player/game_by_game?game_sport_year_ctl_id=11980&org_id=312&stats_player_seq=-100
Iowa Hawkeyes,2016-17,http://stats.ncaa.org/player/game_by_game?game_sport_year_ctl_id=12424&org_id=312&stats_player_seq=-100
Iowa Hawkeyes,2013-14,http://stats.ncaa.org/player/game_by_game?game_sport_year_ctl_id=11520&org_id=312&stats_player_seq=-100
Iowa Hawkeyes,2015-16,http://stats.ncaa.org/player/game_by_game?game_sport_year_ctl_id=12240&org_id=312&stats_player_seq=-100
Iowa St. Cyclones,2014-15,http://stats.ncaa.org/player/game_by_game?game_sport_year_ctl_id=11980&org_id=311&stats_player_seq=-100
Iowa St. Cyclones,2015-16,http://stats.ncaa.org/player/game_by_game?game_sport_year_ctl_id=12240&org_id=311&stats_player_seq=-100
Iowa St. Cyclones,2013-14,http://stats.ncaa.org/player/game_by_game?game_sport_year_ctl_id=11520&org_id=311&stats_player_seq=-100
Iowa St. Cyclones,2016-17,http://stats.ncaa.org/player/game_by_game?game_sport_year_ctl_id=12424&org_id=311&stats_player_seq=-100
Kansas Jayhawks,2014-15,http://stats.ncaa.org/player/game_by_game?game_sport_year_ctl_id=11980&org_id=328&stats_player_seq=-100
Kansas Jayhawks,2015-16,http://stats.ncaa.org/player/game_by_game?game_sport_year_ctl_id=12240&org_id=328&stats_player_seq=-100
Kansas Jayhawks,2016-17,http://stats.ncaa.org/player/game_by_game?game_sport_year_ctl_id=12424&org_id=328&stats_player_seq=-100
Kansas Jayhawks,2013-14,http://stats.ncaa.org/player/game_by_game?game_sport_year_ctl_id=11520&org_id=328&stats_player_seq=-100
Kansas St. Wildcats,2013-14,http://stats.ncaa.org/player/game_by_game?game_sport_year_ctl_id=11520&org_id=327&stats_player_seq=-100
Kansas St. Wildcats,2014-15,http://stats.ncaa.org/player/game_by_game?game_sport_year_ctl_id=11980&org_id=327&stats_player_seq=-100
Kansas St. Wildcats,2016-17,http://stats.ncaa.org/player/game_by_game?game_sport_year_ctl_id=12424&org_id=327&stats_player_seq=-100
Kansas St. Wildcats,2015-16,http://stats.ncaa.org/player/game_by_game?game_sport_year_ctl_id=12240&org_id=327&stats_player_seq=-100
Kent St. Golden Flashes,2016-17,http://stats.ncaa.org/player/game_by_game?game_sport_year_ctl_id=12424&org_id=331&stats_player_seq=-100
Kent St. Golden Flashes,2014-15,http://stats.ncaa.org/player/game_by_game?game_sport_year_ctl_id=11980&org_id=331&stats_player_seq=-100
Kent St. Golden Flashes,2015-16,http://stats.ncaa.org/player/game_by_game?game_sport_year_ctl_id=12240&org_id=331&stats_player_seq=-100
Kent St. Golden Flashes,2013-14,http://stats.ncaa.org/player/game_by_game?game_sport_year_ctl_id=11520&org_id=331&stats_player_seq=-100
Kentucky Wildcats,2014-15,http://stats.ncaa.org/player/game_by_game?game_sport_year_ctl_id=11980&org_id=334&stats_player_seq=-100
Kentucky Wildcats,2013-14,http://stats.ncaa.org/player/game_by_game?game_sport_year_ctl_id=11520&org_id=334&stats_player_seq=-100
Kentucky Wildcats,2015-16,http://stats.ncaa.org/player/game_by_game?game_sport_year_ctl_id=12240&org_id=334&stats_player_seq=-100
Kentucky Wildcats,2016-17,http://stats.ncaa.org/player/game_by_game?game_sport_year_ctl_id=12424&org_id=334&stats_player_seq=-100
LSU Fighting Tigers,2014-15,http://stats.ncaa.org/player/game_by_game?game_sport_year_ctl_id=11980&org_id=365&stats_player_seq=-100
LSU Fighting Tigers,2016-17,http://stats.ncaa.org/player/game_by_game?game_sport_year_ctl_id=12424&org_id=365&stats_player_seq=-100
LSU Fighting Tigers,2013-14,http://stats.ncaa.org/player/game_by_game?game_sport_year_ctl_id=11520&org_id=365&stats_player_seq=-100
La.-Monroe Warhawks,2014-15,http://stats.ncaa.org/player/game_by_game?game_sport_year_ctl_id=11980&org_id=498&stats_player_seq=-100
La.-Monroe Warhawks,2016-17,http://stats.ncaa.org/player/game_by_game?game_sport_year_ctl_id=12424&org_id=498&stats_player_seq=-100
La.-Monroe Warhawks,2015-16,http://stats.ncaa.org/player/game_by_game?game_sport_year_ctl_id=12240&org_id=498&stats_player_seq=-100
La.-Monroe Warhawks,2013-14,http://stats.ncaa.org/player/game_by_game?game_sport_year_ctl_id=11520&org_id=498&stats_player_seq=-100
Louisiana Ragin' Cajuns,2014-15,http://stats.ncaa.org/player/game_by_game?game_sport_year_ctl_id=11980&org_id=671&stats_player_seq=-100
Louisiana Ragin' Cajuns,2016-17,http://stats.ncaa.org/player/game_by_game?game_sport_year_ctl_id=12424&org_id=671&stats_player_seq=-100
Louisiana Ragin' Cajuns,2015-16,http://stats.ncaa.org/player/game_by_game?game_sport_year_ctl_id=12240&org_id=671&stats_player_seq=-100
Louisiana Ragin' Cajuns,2013-14,http://stats.ncaa.org/player/game_by_game?game_sport_year_ctl_id=11520&org_id=671&stats_player_seq=-100
Louisiana Tech Bulldogs,2013-14,http://stats.ncaa.org/player/game_by_game?game_sport_year_ctl_id=11520&org_id=366&stats_player_seq=-100
Louisiana Tech Bulldogs,2015-16,http://stats.ncaa.org/player/game_by_game?game_sport_year_ctl_id=12240&org_id=366&stats_player_seq=-100
Louisiana Tech Bulldogs,2014-15,http://stats.ncaa.org/player/game_by_game?game_sport_year_ctl_id=11980&org_id=366&stats_player_seq=-100
Louisiana Tech Bulldogs,2016-17,http://stats.ncaa.org/player/game_by_game?game_sport_year_ctl_id=12424&org_id=366&stats_player_seq=-100
Louisville Cardinals,2015-16,http://stats.ncaa.org/player/game_by_game?game_sport_year_ctl_id=12240&org_id=367&stats_player_seq=-100
Louisville Cardinals,2016-17,http://stats.ncaa.org/player/game_by_game?game_sport_year_ctl_id=12424&org_id=367&stats_player_seq=-100
Marshall Thundering Herd,2015-16,http://stats.ncaa.org/player/game_by_game?game_sport_year_ctl_id=12240&org_id=388&stats_player_seq=-100
Marshall Thundering Herd,2016-17,http://stats.ncaa.org/player/game_by_game?game_sport_year_ctl_id=12424&org_id=388&stats_player_seq=-100
"Maryland Terrapins, Terps",2016-17,http://stats.ncaa.org/player/game_by_game?game_sport_year_ctl_id=12424&org_id=392&stats_player_seq=-100
"Maryland Terrapins, Terps",2013-14,http://stats.ncaa.org/player/game_by_game?game_sport_year_ctl_id=11520&org_id=392&stats_player_seq=-100
"Maryland Terrapins, Terps",2014-15,http://stats.ncaa.org/player/game_by_game?game_sport_year_ctl_id=11980&org_id=392&stats_player_seq=-100
"Maryland Terrapins, Terps",2015-16,http://stats.ncaa.org/player/game_by_game?game_sport_year_ctl_id=12240&org_id=392&stats_player_seq=-100
Massachusetts Minutemen,2016-17,http://stats.ncaa.org/player/game_by_game?game_sport_year_ctl_id=12424&org_id=400&stats_player_seq=-100
Massachusetts Minutemen,2013-14,http://stats.ncaa.org/player/game_by_game?game_sport_year_ctl_id=11520&org_id=400&stats_player_seq=-100
Massachusetts Minutemen,2014-15,http://stats.ncaa.org/player/game_by_game?game_sport_year_ctl_id=11980&org_id=400&stats_player_seq=-100
Massachusetts Minutemen,2015-16,http://stats.ncaa.org/player/game_by_game?game_sport_year_ctl_id=12240&org_id=400&stats_player_seq=-100
Memphis Tigers,2015-16,http://stats.ncaa.org/player/game_by_game?game_sport_year_ctl_id=12240&org_id=404&stats_player_seq=-100
Memphis Tigers,2013-14,http://stats.ncaa.org/player/game_by_game?game_sport_year_ctl_id=11520&org_id=404&stats_player_seq=-100
Memphis Tigers,2016-17,http://stats.ncaa.org/player/game_by_game?game_sport_year_ctl_id=12424&org_id=404&stats_player_seq=-100
Memphis Tigers,2014-15,http://stats.ncaa.org/player/game_by_game?game_sport_year_ctl_id=11980&org_id=404&stats_player_seq=-100
Miami (FL) Hurricanes,2016-17,http://stats.ncaa.org/player/game_by_game?game_sport_year_ctl_id=12424&org_id=415&stats_player_seq=-100
Miami (FL) Hurricanes,2014-15,http://stats.ncaa.org/player/game_by_game?game_sport_year_ctl_id=11980&org_id=415&stats_player_seq=-100
Miami (FL) Hurricanes,2015-16,http://stats.ncaa.org/player/game_by_game?game_sport_year_ctl_id=12240&org_id=415&stats_player_seq=-100
Miami (FL) Hurricanes,2013-14,http://stats.ncaa.org/player/game_by_game?game_sport_year_ctl_id=11520&org_id=415&stats_player_seq=-100
Miami (OH) RedHawks,2014-15,http://stats.ncaa.org/player/game_by_game?game_sport_year_ctl_id=11980&org_id=414&stats_player_seq=-100
Miami (OH) RedHawks,2015-16,http://stats.ncaa.org/player/game_by_game?game_sport_year_ctl_id=12240&org_id=414&stats_player_seq=-100
Miami (OH) RedHawks,2013-14,http://stats.ncaa.org/player/game_by_game?game_sport_year_ctl_id=11520&org_id=414&stats_player_seq=-100
Miami (OH) RedHawks,2016-17,http://stats.ncaa.org/player/game_by_game?game_sport_year_ctl_id=12424&org_id=414&stats_player_seq=-100
Michigan St. Spartans,2016-17,http://stats.ncaa.org/player/game_by_game?game_sport_year_ctl_id=12424&org_id=416&stats_player_seq=-100
Michigan St. Spartans,2013-14,http://stats.ncaa.org/player/game_by_game?game_sport_year_ctl_id=11520&org_id=416&stats_player_seq=-100
Michigan St. Spartans,2015-16,http://stats.ncaa.org/player/game_by_game?game_sport_year_ctl_id=12240&org_id=416&stats_player_seq=-100
Michigan St. Spartans,2014-15,http://stats.ncaa.org/player/game_by_game?game_sport_year_ctl_id=11980&org_id=416&stats_player_seq=-100
Michigan Wolverines,2014-15,http://stats.ncaa.org/player/game_by_game?game_sport_year_ctl_id=11980&org_id=418&stats_player_seq=-100
Michigan Wolverines,2016-17,http://stats.ncaa.org/player/game_by_game?game_sport_year_ctl_id=12424&org_id=418&stats_player_seq=-100
Michigan Wolverines,2013-14,http://stats.ncaa.org/player/game_by_game?game_sport_year_ctl_id=11520&org_id=418&stats_player_seq=-100
Michigan Wolverines,2015-16,http://stats.ncaa.org/player/game_by_game?game_sport_year_ctl_id=12240&org_id=418&stats_player_seq=-100
Middle Tenn. Blue Raiders,2015-16,http://stats.ncaa.org/player/game_by_game?game_sport_year_ctl_id=12240&org_id=419&stats_player_seq=-100
Middle Tenn. Blue Raiders,2013-14,http://stats.ncaa.org/player/game_by_game?game_sport_year_ctl_id=11520&org_id=419&stats_player_seq=-100
Middle Tenn. Blue Raiders,2014-15,http://stats.ncaa.org/player/game_by_game?game_sport_year_ctl_id=11980&org_id=419&stats_player_seq=-100
Middle Tenn. Blue Raiders,2016-17,http://stats.ncaa.org/player/game_by_game?game_sport_year_ctl_id=12424&org_id=419&stats_player_seq=-100
Minnesota Golden Gophers,2016-17,http://stats.ncaa.org/player/game_by_game?game_sport_year_ctl_id=12424&org_id=428&stats_player_seq=-100
Minnesota Golden Gophers,2015-16,http://stats.ncaa.org/player/game_by_game?game_sport_year_ctl_id=12240&org_id=428&stats_player_seq=-100
Minnesota Golden Gophers,2013-14,http://stats.ncaa.org/player/game_by_game?game_sport_year_ctl_id=11520&org_id=428&stats_player_seq=-100
Mississippi St. Bulldogs,2013-14,http://stats.ncaa.org/player/game_by_game?game_sport_year_ctl_id=11520&org_id=430&stats_player_seq=-100
Mississippi St. Bulldogs,2016-17,http://stats.ncaa.org/player/game_by_game?game_sport_year_ctl_id=12424&org_id=430&stats_player_seq=-100
Mississippi St. Bulldogs,2015-16,http://stats.ncaa.org/player/game_by_game?game_sport_year_ctl_id=12240&org_id=430&stats_player_seq=-100
Mississippi St. Bulldogs,2014-15,http://stats.ncaa.org/player/game_by_game?game_sport_year_ctl_id=11980&org_id=430&stats_player_seq=-100
Missouri Tigers,2016-17,http://stats.ncaa.org/player/game_by_game?game_sport_year_ctl_id=12424&org_id=434&stats_player_seq=-100
Missouri Tigers,2013-14,http://stats.ncaa.org/player/game_by_game?game_sport_year_ctl_id=11520&org_id=434&stats_player_seq=-100
NC State Wolfpack,2015-16,http://stats.ncaa.org/player/game_by_game?game_sport_year_ctl_id=12240&org_id=490&stats_player_seq=-100
NC State Wolfpack,2013-14,http://stats.ncaa.org/player/game_by_game?game_sport_year_ctl_id=11520&org_id=490&stats_player_seq=-100
NC State Wolfpack,2014-15,http://stats.ncaa.org/player/game_by_game?game_sport_year_ctl_id=11980&org_id=490&stats_player_seq=-100
NC State Wolfpack,2016-17,http://stats.ncaa.org/player/game_by_game?game_sport_year_ctl_id=12424&org_id=490&stats_player_seq=-100
Navy Midshipmen,2013-14,http://stats.ncaa.org/player/game_by_game?game_sport_year_ctl_id=11520&org_id=726&stats_player_seq=-100
Navy Midshipmen,2014-15,http://stats.ncaa.org/player/game_by_game?game_sport_year_ctl_id=11980&org_id=726&stats_player_seq=-100
Navy Midshipmen,2016-17,http://stats.ncaa.org/player/game_by_game?game_sport_year_ctl_id=12424&org_id=726&stats_player_seq=-100
Navy Midshipmen,2015-16,http://stats.ncaa.org/player/game_by_game?game_sport_year_ctl_id=12240&org_id=726&stats_player_seq=-100
"Nebraska Cornhuskers, Huskers",2014-15,http://stats.ncaa.org/player/game_by_game?game_sport_year_ctl_id=11980&org_id=463&stats_player_seq=-100
"Nebraska Cornhuskers, Huskers",2016-17,http://stats.ncaa.org/player/game_by_game?game_sport_year_ctl_id=12424&org_id=463&stats_player_seq=-100
"Nebraska Cornhuskers, Huskers",2015-16,http://stats.ncaa.org/player/game_by_game?game_sport_year_ctl_id=12240&org_id=463&stats_player_seq=-100
"Nebraska Cornhuskers, Huskers",2013-14,http://stats.ncaa.org/player/game_by_game?game_sport_year_ctl_id=11520&org_id=463&stats_player_seq=-100
Nevada Wolf Pack,2015-16,http://stats.ncaa.org/player/game_by_game?game_sport_year_ctl_id=12240&org_id=466&stats_player_seq=-100
Nevada Wolf Pack,2016-17,http://stats.ncaa.org/player/game_by_game?game_sport_year_ctl_id=12424&org_id=466&stats_player_seq=-100
Nevada Wolf Pack,2013-14,http://stats.ncaa.org/player/game_by_game?game_sport_year_ctl_id=11520&org_id=466&stats_player_seq=-100
Nevada Wolf Pack,2014-15,http://stats.ncaa.org/player/game_by_game?game_sport_year_ctl_id=11980&org_id=466&stats_player_seq=-100
New Mexico Lobos,2015-16,http://stats.ncaa.org/player/game_by_game?game_sport_year_ctl_id=12240&org_id=473&stats_player_seq=-100
New Mexico Lobos,2013-14,http://stats.ncaa.org/player/game_by_game?game_sport_year_ctl_id=11520&org_id=473&stats_player_seq=-100
New Mexico Lobos,2016-17,http://stats.ncaa.org/player/game_by_game?game_sport_year_ctl_id=12424&org_id=473&stats_player_seq=-100
New Mexico Lobos,2014-15,http://stats.ncaa.org/player/game_by_game?game_sport_year_ctl_id=11980&org_id=473&stats_player_seq=-100
New Mexico St. Aggies,2015-16,http://stats.ncaa.org/player/game_by_game?game_sport_year_ctl_id=12240&org_id=472&stats_player_seq=-100
New Mexico St. Aggies,2014-15,http://stats.ncaa.org/player/game_by_game?game_sport_year_ctl_id=11980&org_id=472&stats_player_seq=-100
New Mexico St. Aggies,2013-14,http://stats.ncaa.org/player/game_by_game?game_sport_year_ctl_id=11520&org_id=472&stats_player_seq=-100
New Mexico St. Aggies,2016-17,http://stats.ncaa.org/player/game_by_game?game_sport_year_ctl_id=12424&org_id=472&stats_player_seq=-100
North Carolina Tar Heels,2014-15,http://stats.ncaa.org/player/game_by_game?game_sport_year_ctl_id=11980&org_id=457&stats_player_seq=-100
North Carolina Tar Heels,2015-16,http://stats.ncaa.org/player/game_by_game?game_sport_year_ctl_id=12240&org_id=457&stats_player_seq=-100
North Carolina Tar Heels,2013-14,http://stats.ncaa.org/player/game_by_game?game_sport_year_ctl_id=11520&org_id=457&stats_player_seq=-100
North Carolina Tar Heels,2016-17,http://stats.ncaa.org/player/game_by_game?game_sport_year_ctl_id=12424&org_id=457&stats_player_seq=-100
North Texas Mean Green,2015-16,http://stats.ncaa.org/player/game_by_game?game_sport_year_ctl_id=12240&org_id=497&stats_player_seq=-100
North Texas Mean Green,2013-14,http://stats.ncaa.org/player/game_by_game?game_sport_year_ctl_id=11520&org_id=497&stats_player_seq=-100
North Texas Mean Green,2016-17,http://stats.ncaa.org/player/game_by_game?game_sport_year_ctl_id=12424&org_id=497&stats_player_seq=-100
North Texas Mean Green,2014-15,http://stats.ncaa.org/player/game_by_game?game_sport_year_ctl_id=11980&org_id=497&stats_player_seq=-100
Northern Ill. Huskies,2014-15,http://stats.ncaa.org/player/game_by_game?game_sport_year_ctl_id=11980&org_id=503&stats_player_seq=-100
Northern Ill. Huskies,2015-16,http://stats.ncaa.org/player/game_by_game?game_sport_year_ctl_id=12240&org_id=503&stats_player_seq=-100
Northern Ill. Huskies,2016-17,http://stats.ncaa.org/player/game_by_game?game_sport_year_ctl_id=12424&org_id=503&stats_player_seq=-100
Northwestern Wildcats,2013-14,http://stats.ncaa.org/player/game_by_game?game_sport_year_ctl_id=11520&org_id=509&stats_player_seq=-100
Northwestern Wildcats,2016-17,http://stats.ncaa.org/player/game_by_game?game_sport_year_ctl_id=12424&org_id=509&stats_player_seq=-100
Northwestern Wildcats,2014-15,http://stats.ncaa.org/player/game_by_game?game_sport_year_ctl_id=11980&org_id=509&stats_player_seq=-100
Northwestern Wildcats,2015-16,http://stats.ncaa.org/player/game_by_game?game_sport_year_ctl_id=12240&org_id=509&stats_player_seq=-100
Notre Dame Fighting Irish,2015-16,http://stats.ncaa.org/player/game_by_game?game_sport_year_ctl_id=12240&org_id=513&stats_player_seq=-100
Notre Dame Fighting Irish,2016-17,http://stats.ncaa.org/player/game_by_game?game_sport_year_ctl_id=12424&org_id=513&stats_player_seq=-100
Notre Dame Fighting Irish,2013-14,http://stats.ncaa.org/player/game_by_game?game_sport_year_ctl_id=11520&org_id=513&stats_player_seq=-100
Notre Dame Fighting Irish,2014-15,http://stats.ncaa.org/player/game_by_game?game_sport_year_ctl_id=11980&org_id=513&stats_player_seq=-100
Ohio Bobcats,2016-17,http://stats.ncaa.org/player/game_by_game?game_sport_year_ctl_id=12424&org_id=519&stats_player_seq=-100
Ohio Bobcats,2013-14,http://stats.ncaa.org/player/game_by_game?game_sport_year_ctl_id=11520&org_id=519&stats_player_seq=-100
Ohio Bobcats,2014-15,http://stats.ncaa.org/player/game_by_game?game_sport_year_ctl_id=11980&org_id=519&stats_player_seq=-100
Ohio Bobcats,2015-16,http://stats.ncaa.org/player/game_by_game?game_sport_year_ctl_id=12240&org_id=519&stats_player_seq=-100
Ohio St. Buckeyes,2015-16,http://stats.ncaa.org/player/game_by_game?game_sport_year_ctl_id=12240&org_id=518&stats_player_seq=-100
Ohio St. Buckeyes,2016-17,http://stats.ncaa.org/player/game_by_game?game_sport_year_ctl_id=12424&org_id=518&stats_player_seq=-100
Ohio St. Buckeyes,2013-14,http://stats.ncaa.org/player/game_by_game?game_sport_year_ctl_id=11520&org_id=518&stats_player_seq=-100
Ohio St. Buckeyes,2014-15,http://stats.ncaa.org/player/game_by_game?game_sport_year_ctl_id=11980&org_id=518&stats_player_seq=-100
Oklahoma Sooners,2015-16,http://stats.ncaa.org/player/game_by_game?game_sport_year_ctl_id=12240&org_id=522&stats_player_seq=-100
Oklahoma Sooners,2016-17,http://stats.ncaa.org/player/game_by_game?game_sport_year_ctl_id=12424&org_id=522&stats_player_seq=-100
Oklahoma Sooners,2014-15,http://stats.ncaa.org/player/game_by_game?game_sport_year_ctl_id=11980&org_id=522&stats_player_seq=-100
Oklahoma Sooners,2013-14,http://stats.ncaa.org/player/game_by_game?game_sport_year_ctl_id=11520&org_id=522&stats_player_seq=-100
Oklahoma St. Cowboys,2013-14,http://stats.ncaa.org/player/game_by_game?game_sport_year_ctl_id=11520&org_id=521&stats_player_seq=-100
Oklahoma St. Cowboys,2016-17,http://stats.ncaa.org/player/game_by_game?game_sport_year_ctl_id=12424&org_id=521&stats_player_seq=-100
Oklahoma St. Cowboys,2015-16,http://stats.ncaa.org/player/game_by_game?game_sport_year_ctl_id=12240&org_id=521&stats_player_seq=-100
Old Dominion Monarchs,2014-15,http://stats.ncaa.org/player/game_by_game?game_sport_year_ctl_id=11980&org_id=523&stats_player_seq=-100
Old Dominion Monarchs,2016-17,http://stats.ncaa.org/player/game_by_game?game_sport_year_ctl_id=12424&org_id=523&stats_player_seq=-100
Old Dominion Monarchs,2015-16,http://stats.ncaa.org/player/game_by_game?game_sport_year_ctl_id=12240&org_id=523&stats_player_seq=-100
Old Dominion Monarchs,2013-14,http://stats.ncaa.org/player/game_by_game?game_sport_year_ctl_id=11520&org_id=523&stats_player_seq=-100
Ole Miss Rebels,2015-16,http://stats.ncaa.org/player/game_by_game?game_sport_year_ctl_id=12240&org_id=433&stats_player_seq=-100
Oklahoma St. Cowboys,2014-15,http://stats.ncaa.org/player/game_by_game?game_sport_year_ctl_id=11980&org_id=521&stats_player_seq=-100
Ole Miss Rebels,2016-17,http://stats.ncaa.org/player/game_by_game?game_sport_year_ctl_id=12424&org_id=433&stats_player_seq=-100
Ole Miss Rebels,2013-14,http://stats.ncaa.org/player/game_by_game?game_sport_year_ctl_id=11520&org_id=433&stats_player_seq=-100
Ole Miss Rebels,2014-15,http://stats.ncaa.org/player/game_by_game?game_sport_year_ctl_id=11980&org_id=433&stats_player_seq=-100
Oregon Ducks,2014-15,http://stats.ncaa.org/player/game_by_game?game_sport_year_ctl_id=11980&org_id=529&stats_player_seq=-100
Oregon Ducks,2013-14,http://stats.ncaa.org/player/game_by_game?game_sport_year_ctl_id=11520&org_id=529&stats_player_seq=-100
Oregon Ducks,2016-17,http://stats.ncaa.org/player/game_by_game?game_sport_year_ctl_id=12424&org_id=529&stats_player_seq=-100
Oregon Ducks,2015-16,http://stats.ncaa.org/player/game_by_game?game_sport_year_ctl_id=12240&org_id=529&stats_player_seq=-100
Oregon St. Beavers,2016-17,http://stats.ncaa.org/player/game_by_game?game_sport_year_ctl_id=12424&org_id=528&stats_player_seq=-100
Oregon St. Beavers,2015-16,http://stats.ncaa.org/player/game_by_game?game_sport_year_ctl_id=12240&org_id=528&stats_player_seq=-100
Oregon St. Beavers,2014-15,http://stats.ncaa.org/player/game_by_game?game_sport_year_ctl_id=11980&org_id=528&stats_player_seq=-100
Oregon St. Beavers,2013-14,http://stats.ncaa.org/player/game_by_game?game_sport_year_ctl_id=11520&org_id=528&stats_player_seq=-100
Penn St. Nittany Lions,2015-16,http://stats.ncaa.org/player/game_by_game?game_sport_year_ctl_id=12240&org_id=539&stats_player_seq=-100
Penn St. Nittany Lions,2013-14,http://stats.ncaa.org/player/game_by_game?game_sport_year_ctl_id=11520&org_id=539&stats_player_seq=-100
Penn St. Nittany Lions,2016-17,http://stats.ncaa.org/player/game_by_game?game_sport_year_ctl_id=12424&org_id=539&stats_player_seq=-100
Penn St. Nittany Lions,2014-15,http://stats.ncaa.org/player/game_by_game?game_sport_year_ctl_id=11980&org_id=539&stats_player_seq=-100
Pittsburgh Panthers,2014-15,http://stats.ncaa.org/player/game_by_game?game_sport_year_ctl_id=11980&org_id=545&stats_player_seq=-100
Pittsburgh Panthers,2015-16,http://stats.ncaa.org/player/game_by_game?game_sport_year_ctl_id=12240&org_id=545&stats_player_seq=-100
Pittsburgh Panthers,2013-14,http://stats.ncaa.org/player/game_by_game?game_sport_year_ctl_id=11520&org_id=545&stats_player_seq=-100
Pittsburgh Panthers,2016-17,http://stats.ncaa.org/player/game_by_game?game_sport_year_ctl_id=12424&org_id=545&stats_player_seq=-100
Purdue Boilermakers,2015-16,http://stats.ncaa.org/player/game_by_game?game_sport_year_ctl_id=12240&org_id=559&stats_player_seq=-100
Purdue Boilermakers,2016-17,http://stats.ncaa.org/player/game_by_game?game_sport_year_ctl_id=12424&org_id=559&stats_player_seq=-100
Rice Owls,2013-14,http://stats.ncaa.org/player/game_by_game?game_sport_year_ctl_id=11520&org_id=574&stats_player_seq=-100
Rice Owls,2014-15,http://stats.ncaa.org/player/game_by_game?game_sport_year_ctl_id=11980&org_id=574&stats_player_seq=-100
Rice Owls,2015-16,http://stats.ncaa.org/player/game_by_game?game_sport_year_ctl_id=12240&org_id=574&stats_player_seq=-100
Rice Owls,2016-17,http://stats.ncaa.org/player/game_by_game?game_sport_year_ctl_id=12424&org_id=574&stats_player_seq=-100
Rutgers Scarlet Knights,2016-17,http://stats.ncaa.org/player/game_by_game?game_sport_year_ctl_id=12424&org_id=587&stats_player_seq=-100
Rutgers Scarlet Knights,2013-14,http://stats.ncaa.org/player/game_by_game?game_sport_year_ctl_id=11520&org_id=587&stats_player_seq=-100
Rutgers Scarlet Knights,2014-15,http://stats.ncaa.org/player/game_by_game?game_sport_year_ctl_id=11980&org_id=587&stats_player_seq=-100
Rutgers Scarlet Knights,2015-16,http://stats.ncaa.org/player/game_by_game?game_sport_year_ctl_id=12240&org_id=587&stats_player_seq=-100
SMU Mustangs,2016-17,http://stats.ncaa.org/player/game_by_game?game_sport_year_ctl_id=12424&org_id=663&stats_player_seq=-100
SMU Mustangs,2015-16,http://stats.ncaa.org/player/game_by_game?game_sport_year_ctl_id=12240&org_id=663&stats_player_seq=-100
SMU Mustangs,2013-14,http://stats.ncaa.org/player/game_by_game?game_sport_year_ctl_id=11520&org_id=663&stats_player_seq=-100
SMU Mustangs,2014-15,http://stats.ncaa.org/player/game_by_game?game_sport_year_ctl_id=11980&org_id=663&stats_player_seq=-100
San Diego St. Aztecs,2016-17,http://stats.ncaa.org/player/game_by_game?game_sport_year_ctl_id=12424&org_id=626&stats_player_seq=-100
San Diego St. Aztecs,2014-15,http://stats.ncaa.org/player/game_by_game?game_sport_year_ctl_id=11980&org_id=626&stats_player_seq=-100
San Diego St. Aztecs,2013-14,http://stats.ncaa.org/player/game_by_game?game_sport_year_ctl_id=11520&org_id=626&stats_player_seq=-100
San Diego St. Aztecs,2015-16,http://stats.ncaa.org/player/game_by_game?game_sport_year_ctl_id=12240&org_id=626&stats_player_seq=-100
San Jose St. Spartans,2014-15,http://stats.ncaa.org/player/game_by_game?game_sport_year_ctl_id=11980&org_id=630&stats_player_seq=-100
San Jose St. Spartans,2016-17,http://stats.ncaa.org/player/game_by_game?game_sport_year_ctl_id=12424&org_id=630&stats_player_seq=-100
San Jose St. Spartans,2013-14,http://stats.ncaa.org/player/game_by_game?game_sport_year_ctl_id=11520&org_id=630&stats_player_seq=-100
San Jose St. Spartans,2015-16,http://stats.ncaa.org/player/game_by_game?game_sport_year_ctl_id=12240&org_id=630&stats_player_seq=-100
South Ala. Jaguars,2015-16,http://stats.ncaa.org/player/game_by_game?game_sport_year_ctl_id=12240&org_id=646&stats_player_seq=-100
South Ala. Jaguars,2016-17,http://stats.ncaa.org/player/game_by_game?game_sport_year_ctl_id=12424&org_id=646&stats_player_seq=-100
South Ala. Jaguars,2013-14,http://stats.ncaa.org/player/game_by_game?game_sport_year_ctl_id=11520&org_id=646&stats_player_seq=-100
South Ala. Jaguars,2014-15,http://stats.ncaa.org/player/game_by_game?game_sport_year_ctl_id=11980&org_id=646&stats_player_seq=-100
South Carolina Gamecocks,2014-15,http://stats.ncaa.org/player/game_by_game?game_sport_year_ctl_id=11980&org_id=648&stats_player_seq=-100
South Carolina Gamecocks,2013-14,http://stats.ncaa.org/player/game_by_game?game_sport_year_ctl_id=11520&org_id=648&stats_player_seq=-100
South Carolina Gamecocks,2016-17,http://stats.ncaa.org/player/game_by_game?game_sport_year_ctl_id=12424&org_id=648&stats_player_seq=-100
South Carolina Gamecocks,2015-16,http://stats.ncaa.org/player/game_by_game?game_sport_year_ctl_id=12240&org_id=648&stats_player_seq=-100
South Fla. Bulls,2015-16,http://stats.ncaa.org/player/game_by_game?game_sport_year_ctl_id=12240&org_id=651&stats_player_seq=-100
South Fla. Bulls,2016-17,http://stats.ncaa.org/player/game_by_game?game_sport_year_ctl_id=12424&org_id=651&stats_player_seq=-100
Southern California Trojans,2015-16,http://stats.ncaa.org/player/game_by_game?game_sport_year_ctl_id=12240&org_id=657&stats_player_seq=-100
Southern California Trojans,2013-14,http://stats.ncaa.org/player/game_by_game?game_sport_year_ctl_id=11520&org_id=657&stats_player_seq=-100
Southern California Trojans,2014-15,http://stats.ncaa.org/player/game_by_game?game_sport_year_ctl_id=11980&org_id=657&stats_player_seq=-100
Southern California Trojans,2016-17,http://stats.ncaa.org/player/game_by_game?game_sport_year_ctl_id=12424&org_id=657&stats_player_seq=-100
Southern Miss. Golden Eagles,2016-17,http://stats.ncaa.org/player/game_by_game?game_sport_year_ctl_id=12424&org_id=664&stats_player_seq=-100
Southern Miss. Golden Eagles,2013-14,http://stats.ncaa.org/player/game_by_game?game_sport_year_ctl_id=11520&org_id=664&stats_player_seq=-100
Southern Miss. Golden Eagles,2014-15,http://stats.ncaa.org/player/game_by_game?game_sport_year_ctl_id=11980&org_id=664&stats_player_seq=-100
Southern Miss. Golden Eagles,2015-16,http://stats.ncaa.org/player/game_by_game?game_sport_year_ctl_id=12240&org_id=664&stats_player_seq=-100
Stanford Cardinal,2015-16,http://stats.ncaa.org/player/game_by_game?game_sport_year_ctl_id=12240&org_id=674&stats_player_seq=-100
Stanford Cardinal,2016-17,http://stats.ncaa.org/player/game_by_game?game_sport_year_ctl_id=12424&org_id=674&stats_player_seq=-100
Stanford Cardinal,2013-14,http://stats.ncaa.org/player/game_by_game?game_sport_year_ctl_id=11520&org_id=674&stats_player_seq=-100
Stanford Cardinal,2014-15,http://stats.ncaa.org/player/game_by_game?game_sport_year_ctl_id=11980&org_id=674&stats_player_seq=-100
Syracuse Orange,2015-16,http://stats.ncaa.org/player/game_by_game?game_sport_year_ctl_id=12240&org_id=688&stats_player_seq=-100
Syracuse Orange,2013-14,http://stats.ncaa.org/player/game_by_game?game_sport_year_ctl_id=11520&org_id=688&stats_player_seq=-100
Syracuse Orange,2014-15,http://stats.ncaa.org/player/game_by_game?game_sport_year_ctl_id=11980&org_id=688&stats_player_seq=-100
Syracuse Orange,2016-17,http://stats.ncaa.org/player/game_by_game?game_sport_year_ctl_id=12424&org_id=688&stats_player_seq=-100
TCU Horned Frogs,2013-14,http://stats.ncaa.org/player/game_by_game?game_sport_year_ctl_id=11520&org_id=698&stats_player_seq=-100
TCU Horned Frogs,2014-15,http://stats.ncaa.org/player/game_by_game?game_sport_year_ctl_id=11980&org_id=698&stats_player_seq=-100
TCU Horned Frogs,2016-17,http://stats.ncaa.org/player/game_by_game?game_sport_year_ctl_id=12424&org_id=698&stats_player_seq=-100
TCU Horned Frogs,2015-16,http://stats.ncaa.org/player/game_by_game?game_sport_year_ctl_id=12240&org_id=698&stats_player_seq=-100
Temple Owls,2016-17,http://stats.ncaa.org/player/game_by_game?game_sport_year_ctl_id=12424&org_id=690&stats_player_seq=-100
Temple Owls,2014-15,http://stats.ncaa.org/player/game_by_game?game_sport_year_ctl_id=11980&org_id=690&stats_player_seq=-100
Temple Owls,2015-16,http://stats.ncaa.org/player/game_by_game?game_sport_year_ctl_id=12240&org_id=690&stats_player_seq=-100
Temple Owls,2013-14,http://stats.ncaa.org/player/game_by_game?game_sport_year_ctl_id=11520&org_id=690&stats_player_seq=-100
Tennessee Volunteers,2013-14,http://stats.ncaa.org/player/game_by_game?game_sport_year_ctl_id=11520&org_id=694&stats_player_seq=-100
Tennessee Volunteers,2016-17,http://stats.ncaa.org/player/game_by_game?game_sport_year_ctl_id=12424&org_id=694&stats_player_seq=-100
Tennessee Volunteers,2014-15,http://stats.ncaa.org/player/game_by_game?game_sport_year_ctl_id=11980&org_id=694&stats_player_seq=-100
Tennessee Volunteers,2015-16,http://stats.ncaa.org/player/game_by_game?game_sport_year_ctl_id=12240&org_id=694&stats_player_seq=-100
Texas A&M Aggies,2014-15,http://stats.ncaa.org/player/game_by_game?game_sport_year_ctl_id=11980&org_id=697&stats_player_seq=-100
Texas A&M Aggies,2015-16,http://stats.ncaa.org/player/game_by_game?game_sport_year_ctl_id=12240&org_id=697&stats_player_seq=-100
Texas A&M Aggies,2013-14,http://stats.ncaa.org/player/game_by_game?game_sport_year_ctl_id=11520&org_id=697&stats_player_seq=-100
Texas A&M Aggies,2016-17,http://stats.ncaa.org/player/game_by_game?game_sport_year_ctl_id=12424&org_id=697&stats_player_seq=-100
Texas Longhorns,2013-14,http://stats.ncaa.org/player/game_by_game?game_sport_year_ctl_id=11520&org_id=703&stats_player_seq=-100
Texas Longhorns,2015-16,http://stats.ncaa.org/player/game_by_game?game_sport_year_ctl_id=12240&org_id=703&stats_player_seq=-100
Texas Longhorns,2014-15,http://stats.ncaa.org/player/game_by_game?game_sport_year_ctl_id=11980&org_id=703&stats_player_seq=-100
Texas Longhorns,2016-17,http://stats.ncaa.org/player/game_by_game?game_sport_year_ctl_id=12424&org_id=703&stats_player_seq=-100
Texas St. Bobcats,2016-17,http://stats.ncaa.org/player/game_by_game?game_sport_year_ctl_id=12424&org_id=670&stats_player_seq=-100
Texas St. Bobcats,2013-14,http://stats.ncaa.org/player/game_by_game?game_sport_year_ctl_id=11520&org_id=670&stats_player_seq=-100
Texas St. Bobcats,2015-16,http://stats.ncaa.org/player/game_by_game?game_sport_year_ctl_id=12240&org_id=670&stats_player_seq=-100
Texas St. Bobcats,2014-15,http://stats.ncaa.org/player/game_by_game?game_sport_year_ctl_id=11980&org_id=670&stats_player_seq=-100
Texas Tech Red Raiders,2016-17,http://stats.ncaa.org/player/game_by_game?game_sport_year_ctl_id=12424&org_id=700&stats_player_seq=-100
Texas Tech Red Raiders,2015-16,http://stats.ncaa.org/player/game_by_game?game_sport_year_ctl_id=12240&org_id=700&stats_player_seq=-100
Toledo Rockets,2014-15,http://stats.ncaa.org/player/game_by_game?game_sport_year_ctl_id=11980&org_id=709&stats_player_seq=-100
Toledo Rockets,2016-17,http://stats.ncaa.org/player/game_by_game?game_sport_year_ctl_id=12424&org_id=709&stats_player_seq=-100
Toledo Rockets,2013-14,http://stats.ncaa.org/player/game_by_game?game_sport_year_ctl_id=11520&org_id=709&stats_player_seq=-100
Toledo Rockets,2015-16,http://stats.ncaa.org/player/game_by_game?game_sport_year_ctl_id=12240&org_id=709&stats_player_seq=-100
Troy Trojans,2014-15,http://stats.ncaa.org/player/game_by_game?game_sport_year_ctl_id=11980&org_id=716&stats_player_seq=-100
Troy Trojans,2016-17,http://stats.ncaa.org/player/game_by_game?game_sport_year_ctl_id=12424&org_id=716&stats_player_seq=-100
Troy Trojans,2015-16,http://stats.ncaa.org/player/game_by_game?game_sport_year_ctl_id=12240&org_id=716&stats_player_seq=-100
Troy Trojans,2013-14,http://stats.ncaa.org/player/game_by_game?game_sport_year_ctl_id=11520&org_id=716&stats_player_seq=-100
Tulane Green Wave,2016-17,http://stats.ncaa.org/player/game_by_game?game_sport_year_ctl_id=12424&org_id=718&stats_player_seq=-100
Tulane Green Wave,2014-15,http://stats.ncaa.org/player/game_by_game?game_sport_year_ctl_id=11980&org_id=718&stats_player_seq=-100
Tulane Green Wave,2015-16,http://stats.ncaa.org/player/game_by_game?game_sport_year_ctl_id=12240&org_id=718&stats_player_seq=-100
Tulane Green Wave,2013-14,http://stats.ncaa.org/player/game_by_game?game_sport_year_ctl_id=11520&org_id=718&stats_player_seq=-100
Tulsa Golden Hurricane,2015-16,http://stats.ncaa.org/player/game_by_game?game_sport_year_ctl_id=12240&org_id=719&stats_player_seq=-100
Tulsa Golden Hurricane,2013-14,http://stats.ncaa.org/player/game_by_game?game_sport_year_ctl_id=11520&org_id=719&stats_player_seq=-100
Tulsa Golden Hurricane,2014-15,http://stats.ncaa.org/player/game_by_game?game_sport_year_ctl_id=11980&org_id=719&stats_player_seq=-100
Tulsa Golden Hurricane,2016-17,http://stats.ncaa.org/player/game_by_game?game_sport_year_ctl_id=12424&org_id=719&stats_player_seq=-100
UCF Knights,2015-16,http://stats.ncaa.org/player/game_by_game?game_sport_year_ctl_id=12240&org_id=128&stats_player_seq=-100
UCF Knights,2016-17,http://stats.ncaa.org/player/game_by_game?game_sport_year_ctl_id=12424&org_id=128&stats_player_seq=-100
UCF Knights,2013-14,http://stats.ncaa.org/player/game_by_game?game_sport_year_ctl_id=11520&org_id=128&stats_player_seq=-100
UCF Knights,2014-15,http://stats.ncaa.org/player/game_by_game?game_sport_year_ctl_id=11980&org_id=128&stats_player_seq=-100
UAB Blazers,2013-14,http://stats.ncaa.org/player/game_by_game?game_sport_year_ctl_id=11520&org_id=9&stats_player_seq=-100
UCLA Bruins,2014-15,http://stats.ncaa.org/player/game_by_game?game_sport_year_ctl_id=11980&org_id=110&stats_player_seq=-100
UCLA Bruins,2013-14,http://stats.ncaa.org/player/game_by_game?game_sport_year_ctl_id=11520&org_id=110&stats_player_seq=-100
UCLA Bruins,2015-16,http://stats.ncaa.org/player/game_by_game?game_sport_year_ctl_id=12240&org_id=110&stats_player_seq=-100
UCLA Bruins,2016-17,http://stats.ncaa.org/player/game_by_game?game_sport_year_ctl_id=12424&org_id=110&stats_player_seq=-100
"UConn Huskies, UConn",2016-17,http://stats.ncaa.org/player/game_by_game?game_sport_year_ctl_id=12424&org_id=164&stats_player_seq=-100
"UConn Huskies, UConn",2015-16,http://stats.ncaa.org/player/game_by_game?game_sport_year_ctl_id=12240&org_id=164&stats_player_seq=-100
"UConn Huskies, UConn",2014-15,http://stats.ncaa.org/player/game_by_game?game_sport_year_ctl_id=11980&org_id=164&stats_player_seq=-100
"UConn Huskies, UConn",2013-14,http://stats.ncaa.org/player/game_by_game?game_sport_year_ctl_id=11520&org_id=164&stats_player_seq=-100
UNLV Rebels,2013-14,http://stats.ncaa.org/player/game_by_game?game_sport_year_ctl_id=11520&org_id=465&stats_player_seq=-100
UNLV Rebels,2015-16,http://stats.ncaa.org/player/game_by_game?game_sport_year_ctl_id=12240&org_id=465&stats_player_seq=-100
UNLV Rebels,2016-17,http://stats.ncaa.org/player/game_by_game?game_sport_year_ctl_id=12424&org_id=465&stats_player_seq=-100
UNLV Rebels,2014-15,http://stats.ncaa.org/player/game_by_game?game_sport_year_ctl_id=11980&org_id=465&stats_player_seq=-100
UTEP Miners,2016-17,http://stats.ncaa.org/player/game_by_game?game_sport_year_ctl_id=12424&org_id=704&stats_player_seq=-100
UTEP Miners,2015-16,http://stats.ncaa.org/player/game_by_game?game_sport_year_ctl_id=12240&org_id=704&stats_player_seq=-100
UTEP Miners,2013-14,http://stats.ncaa.org/player/game_by_game?game_sport_year_ctl_id=11520&org_id=704&stats_player_seq=-100
UTEP Miners,2014-15,http://stats.ncaa.org/player/game_by_game?game_sport_year_ctl_id=11980&org_id=704&stats_player_seq=-100
UTSA Roadrunners,2015-16,http://stats.ncaa.org/player/game_by_game?game_sport_year_ctl_id=12240&org_id=706&stats_player_seq=-100
UTSA Roadrunners,2013-14,http://stats.ncaa.org/player/game_by_game?game_sport_year_ctl_id=11520&org_id=706&stats_player_seq=-100
UTSA Roadrunners,2016-17,http://stats.ncaa.org/player/game_by_game?game_sport_year_ctl_id=12424&org_id=706&stats_player_seq=-100
UTSA Roadrunners,2014-15,http://stats.ncaa.org/player/game_by_game?game_sport_year_ctl_id=11980&org_id=706&stats_player_seq=-100
Utah St. Aggies,2016-17,http://stats.ncaa.org/player/game_by_game?game_sport_year_ctl_id=12424&org_id=731&stats_player_seq=-100
Utah St. Aggies,2015-16,http://stats.ncaa.org/player/game_by_game?game_sport_year_ctl_id=12240&org_id=731&stats_player_seq=-100
Utah St. Aggies,2013-14,http://stats.ncaa.org/player/game_by_game?game_sport_year_ctl_id=11520&org_id=731&stats_player_seq=-100
Utah St. Aggies,2014-15,http://stats.ncaa.org/player/game_by_game?game_sport_year_ctl_id=11980&org_id=731&stats_player_seq=-100
Utah Utes,2015-16,http://stats.ncaa.org/player/game_by_game?game_sport_year_ctl_id=12240&org_id=732&stats_player_seq=-100
Utah Utes,2016-17,http://stats.ncaa.org/player/game_by_game?game_sport_year_ctl_id=12424&org_id=732&stats_player_seq=-100
Utah Utes,2013-14,http://stats.ncaa.org/player/game_by_game?game_sport_year_ctl_id=11520&org_id=732&stats_player_seq=-100
Utah Utes,2014-15,http://stats.ncaa.org/player/game_by_game?game_sport_year_ctl_id=11980&org_id=732&stats_player_seq=-100
Vanderbilt Commodores,2015-16,http://stats.ncaa.org/player/game_by_game?game_sport_year_ctl_id=12240&org_id=736&stats_player_seq=-100
Vanderbilt Commodores,2013-14,http://stats.ncaa.org/player/game_by_game?game_sport_year_ctl_id=11520&org_id=736&stats_player_seq=-100
Vanderbilt Commodores,2016-17,http://stats.ncaa.org/player/game_by_game?game_sport_year_ctl_id=12424&org_id=736&stats_player_seq=-100
Vanderbilt Commodores,2014-15,http://stats.ncaa.org/player/game_by_game?game_sport_year_ctl_id=11980&org_id=736&stats_player_seq=-100
Virginia Cavaliers,2015-16,http://stats.ncaa.org/player/game_by_game?game_sport_year_ctl_id=12240&org_id=746&stats_player_seq=-100
Virginia Cavaliers,2016-17,http://stats.ncaa.org/player/game_by_game?game_sport_year_ctl_id=12424&org_id=746&stats_player_seq=-100
Virginia Cavaliers,2013-14,http://stats.ncaa.org/player/game_by_game?game_sport_year_ctl_id=11520&org_id=746&stats_player_seq=-100
Virginia Cavaliers,2014-15,http://stats.ncaa.org/player/game_by_game?game_sport_year_ctl_id=11980&org_id=746&stats_player_seq=-100
Virginia Tech Hokies,2014-15,http://stats.ncaa.org/player/game_by_game?game_sport_year_ctl_id=11980&org_id=742&stats_player_seq=-100
Virginia Tech Hokies,2016-17,http://stats.ncaa.org/player/game_by_game?game_sport_year_ctl_id=12424&org_id=742&stats_player_seq=-100
Virginia Tech Hokies,2015-16,http://stats.ncaa.org/player/game_by_game?game_sport_year_ctl_id=12240&org_id=742&stats_player_seq=-100
Virginia Tech Hokies,2013-14,http://stats.ncaa.org/player/game_by_game?game_sport_year_ctl_id=11520&org_id=742&stats_player_seq=-100
Wake Forest Demon Deacons,2016-17,http://stats.ncaa.org/player/game_by_game?game_sport_year_ctl_id=12424&org_id=749&stats_player_seq=-100
Wake Forest Demon Deacons,2014-15,http://stats.ncaa.org/player/game_by_game?game_sport_year_ctl_id=11980&org_id=749&stats_player_seq=-100
Wake Forest Demon Deacons,2013-14,http://stats.ncaa.org/player/game_by_game?game_sport_year_ctl_id=11520&org_id=749&stats_player_seq=-100
Wake Forest Demon Deacons,2015-16,http://stats.ncaa.org/player/game_by_game?game_sport_year_ctl_id=12240&org_id=749&stats_player_seq=-100
Washington Huskies,2013-14,http://stats.ncaa.org/player/game_by_game?game_sport_year_ctl_id=11520&org_id=756&stats_player_seq=-100
Washington Huskies,2016-17,http://stats.ncaa.org/player/game_by_game?game_sport_year_ctl_id=12424&org_id=756&stats_player_seq=-100
Washington Huskies,2015-16,http://stats.ncaa.org/player/game_by_game?game_sport_year_ctl_id=12240&org_id=756&stats_player_seq=-100
Washington Huskies,2014-15,http://stats.ncaa.org/player/game_by_game?game_sport_year_ctl_id=11980&org_id=756&stats_player_seq=-100
Washington St. Cougars,2016-17,http://stats.ncaa.org/player/game_by_game?game_sport_year_ctl_id=12424&org_id=754&stats_player_seq=-100
Washington St. Cougars,2013-14,http://stats.ncaa.org/player/game_by_game?game_sport_year_ctl_id=11520&org_id=754&stats_player_seq=-100
Washington St. Cougars,2015-16,http://stats.ncaa.org/player/game_by_game?game_sport_year_ctl_id=12240&org_id=754&stats_player_seq=-100
Washington St. Cougars,2014-15,http://stats.ncaa.org/player/game_by_game?game_sport_year_ctl_id=11980&org_id=754&stats_player_seq=-100
West Virginia Mountaineers,2015-16,http://stats.ncaa.org/player/game_by_game?game_sport_year_ctl_id=12240&org_id=768&stats_player_seq=-100
West Virginia Mountaineers,2014-15,http://stats.ncaa.org/player/game_by_game?game_sport_year_ctl_id=11980&org_id=768&stats_player_seq=-100
West Virginia Mountaineers,2016-17,http://stats.ncaa.org/player/game_by_game?game_sport_year_ctl_id=12424&org_id=768&stats_player_seq=-100
West Virginia Mountaineers,2013-14,http://stats.ncaa.org/player/game_by_game?game_sport_year_ctl_id=11520&org_id=768&stats_player_seq=-100
Western Ky. Hilltoppers,2013-14,http://stats.ncaa.org/player/game_by_game?game_sport_year_ctl_id=11520&org_id=772&stats_player_seq=-100
Western Ky. Hilltoppers,2016-17,http://stats.ncaa.org/player/game_by_game?game_sport_year_ctl_id=12424&org_id=772&stats_player_seq=-100
Western Ky. Hilltoppers,2015-16,http://stats.ncaa.org/player/game_by_game?game_sport_year_ctl_id=12240&org_id=772&stats_player_seq=-100
Western Ky. Hilltoppers,2014-15,http://stats.ncaa.org/player/game_by_game?game_sport_year_ctl_id=11980&org_id=772&stats_player_seq=-100
Western Mich. Broncos,2016-17,http://stats.ncaa.org/player/game_by_game?game_sport_year_ctl_id=12424&org_id=774&stats_player_seq=-100
Western Mich. Broncos,2015-16,http://stats.ncaa.org/player/game_by_game?game_sport_year_ctl_id=12240&org_id=774&stats_player_seq=-100
Western Mich. Broncos,2014-15,http://stats.ncaa.org/player/game_by_game?game_sport_year_ctl_id=11980&org_id=774&stats_player_seq=-100
Western Mich. Broncos,2013-14,http://stats.ncaa.org/player/game_by_game?game_sport_year_ctl_id=11520&org_id=774&stats_player_seq=-100
Wisconsin Badgers,2014-15,http://stats.ncaa.org/player/game_by_game?game_sport_year_ctl_id=11980&org_id=796&stats_player_seq=-100
Wisconsin Badgers,2016-17,http://stats.ncaa.org/player/game_by_game?game_sport_year_ctl_id=12424&org_id=796&stats_player_seq=-100
Wisconsin Badgers,2013-14,http://stats.ncaa.org/player/game_by_game?game_sport_year_ctl_id=11520&org_id=796&stats_player_seq=-100
Wisconsin Badgers,2015-16,http://stats.ncaa.org/player/game_by_game?game_sport_year_ctl_id=12240&org_id=796&stats_player_seq=-100
Wyoming Cowboys,2016-17,http://stats.ncaa.org/player/game_by_game?game_sport_year_ctl_id=12424&org_id=811&stats_player_seq=-100
Wyoming Cowboys,2013-14,http://stats.ncaa.org/player/game_by_game?game_sport_year_ctl_id=11520&org_id=811&stats_player_seq=-100
Wyoming Cowboys,2014-15,http://stats.ncaa.org/player/game_by_game?game_sport_year_ctl_id=11980&org_id=811&stats_player_seq=-100
Wyoming Cowboys,2015-16,http://stats.ncaa.org/player/game_by_game?game_sport_year_ctl_id=12240&org_id=811&stats_player_seq=-100
