key,link,team,txt,year
history,http://stats.ncaa.org/teams/history/MFB/721,Air Force Falcons,Team History,2017
people,http://stats.ncaa.org/people/31099?sport_code=MFB,Air Force Falcons,Troy Calhoun,2017
roster,http://stats.ncaa.org/team/721/roster/12424,Air Force Falcons,Roster,2017
stats,http://stats.ncaa.org/team/721/stats/12424,Air Force Falcons,Team Statistics,2017
history,http://stats.ncaa.org/teams/history/MFB/27,Appalachian St. Mountaineers,Team History,2017
people,http://stats.ncaa.org/people/41727?sport_code=MFB,Appalachian St. Mountaineers,Scott Satterfield,2017
roster,http://stats.ncaa.org/team/27/roster/12424,Appalachian St. Mountaineers,Roster,2017
stats,http://stats.ncaa.org/team/27/stats/12424,Appalachian St. Mountaineers,Team Statistics,2017
history,http://stats.ncaa.org/teams/history/MFB/5,Akron Zips,Team History,2017
people,http://stats.ncaa.org/people/25564?sport_code=MFB,Akron Zips,Terry Bowden,2017
roster,http://stats.ncaa.org/team/5/roster/12424,Akron Zips,Roster,2017
stats,http://stats.ncaa.org/team/5/stats/12424,Akron Zips,Team Statistics,2017
history,http://stats.ncaa.org/teams/history/MFB/8,Alabama Crimson Tide,Team History,2017
people,http://stats.ncaa.org/people/2826?sport_code=MFB,Alabama Crimson Tide,Nick Saban,2017
roster,http://stats.ncaa.org/team/8/roster/12424,Alabama Crimson Tide,Roster,2017
stats,http://stats.ncaa.org/team/8/stats/12424,Alabama Crimson Tide,Team Statistics,2017
history,http://stats.ncaa.org/teams/history/MFB/29,Arizona Wildcats,Team History,2017
people,http://stats.ncaa.org/people/3089?sport_code=MFB,Arizona Wildcats,Rich Rodriguez,2017
roster,http://stats.ncaa.org/team/29/roster/12424,Arizona Wildcats,Roster,2017
stats,http://stats.ncaa.org/team/29/stats/12424,Arizona Wildcats,Team Statistics,2017
history,http://stats.ncaa.org/teams/history/MFB/31,Arkansas Razorbacks,Team History,2017
people,http://stats.ncaa.org/people/28008?sport_code=MFB,Arkansas Razorbacks,Bret Bielema,2017
roster,http://stats.ncaa.org/team/31/roster/12424,Arkansas Razorbacks,Roster,2017
stats,http://stats.ncaa.org/team/31/stats/12424,Arkansas Razorbacks,Team Statistics,2017
history,http://stats.ncaa.org/teams/history/MFB/30,Arkansas St. Red Wolves,Team History,2017
people,http://stats.ncaa.org/people/42965?sport_code=MFB,Arkansas St. Red Wolves,Blake Anderson,2017
roster,http://stats.ncaa.org/team/30/roster/12424,Arkansas St. Red Wolves,Roster,2017
stats,http://stats.ncaa.org/team/30/stats/12424,Arkansas St. Red Wolves,Team Statistics,2017
history,http://stats.ncaa.org/teams/history/MFB/37,Auburn Tigers,Team History,2017
people,http://stats.ncaa.org/people/18897?sport_code=MFB,Auburn Tigers,Gus Malzahn,2017
roster,http://stats.ncaa.org/team/37/roster/12424,Auburn Tigers,Roster,2017
stats,http://stats.ncaa.org/team/37/stats/12424,Auburn Tigers,Team Statistics,2017
history,http://stats.ncaa.org/teams/history/MFB/725,Army West Point Black Knights,Team History,2017
people,http://stats.ncaa.org/people/37004?sport_code=MFB,Army West Point Black Knights,Jeff Monken,2017
roster,http://stats.ncaa.org/team/725/roster/12424,Army West Point Black Knights,Roster,2017
stats,http://stats.ncaa.org/team/725/stats/12424,Army West Point Black Knights,Team Statistics,2017
history,http://stats.ncaa.org/teams/history/MFB/47,Ball St. Cardinals,Team History,2017
people,http://stats.ncaa.org/people/44909?sport_code=MFB,Ball St. Cardinals,Mike Neu,2017
roster,http://stats.ncaa.org/team/47/roster/12424,Ball St. Cardinals,Roster,2017
stats,http://stats.ncaa.org/team/47/stats/12424,Ball St. Cardinals,Team Statistics,2017
history,http://stats.ncaa.org/teams/history/MFB/28,Arizona St. Sun Devils,Team History,2017
people,http://stats.ncaa.org/people/28005?sport_code=MFB,Arizona St. Sun Devils,Todd Graham,2017
roster,http://stats.ncaa.org/team/28/roster/12424,Arizona St. Sun Devils,Roster,2017
stats,http://stats.ncaa.org/team/28/stats/12424,Arizona St. Sun Devils,Team Statistics,2017
history,http://stats.ncaa.org/teams/history/MFB/66,Boise St. Broncos,Team History,2017
people,http://stats.ncaa.org/people/41686?sport_code=MFB,Boise St. Broncos,Bryan Harsin,2017
roster,http://stats.ncaa.org/team/66/roster/12424,Boise St. Broncos,Roster,2017
stats,http://stats.ncaa.org/team/66/stats/12424,Boise St. Broncos,Team Statistics,2017
history,http://stats.ncaa.org/teams/history/MFB/51,Baylor Bears,Team History,2017
people,http://stats.ncaa.org/people/1741?sport_code=MFB,Baylor Bears,Jim Grobe,2017
roster,http://stats.ncaa.org/team/51/roster/12424,Baylor Bears,Roster,2017
stats,http://stats.ncaa.org/team/51/stats/12424,Baylor Bears,Team Statistics,2017
history,http://stats.ncaa.org/teams/history/MFB/77,BYU Cougars,Team History,2017
people,http://stats.ncaa.org/people/45382?sport_code=MFB,BYU Cougars,Kalani Sitake,2017
roster,http://stats.ncaa.org/team/77/roster/12424,BYU Cougars,Roster,2017
stats,http://stats.ncaa.org/team/77/stats/12424,BYU Cougars,Team Statistics,2017
history,http://stats.ncaa.org/teams/history/MFB/67,Boston College Eagles,Team History,2017
people,http://stats.ncaa.org/people/38547?sport_code=MFB,Boston College Eagles,Steve Addazio,2017
roster,http://stats.ncaa.org/team/67/roster/12424,Boston College Eagles,Roster,2017
stats,http://stats.ncaa.org/team/67/stats/12424,Boston College Eagles,Team Statistics,2017
history,http://stats.ncaa.org/teams/history/MFB/71,Bowling Green Falcons,Team History,2017
people,http://stats.ncaa.org/people/45392?sport_code=MFB,Bowling Green Falcons,Mike Jinks,2017
roster,http://stats.ncaa.org/team/71/roster/12424,Bowling Green Falcons,Roster,2017
stats,http://stats.ncaa.org/team/71/stats/12424,Bowling Green Falcons,Team Statistics,2017
history,http://stats.ncaa.org/teams/history/MFB/86,Buffalo Bulls,Team History,2017
people,http://stats.ncaa.org/people/31245?sport_code=MFB,Buffalo Bulls,Lance Leipold,2017
roster,http://stats.ncaa.org/team/86/roster/12424,Buffalo Bulls,Roster,2017
stats,http://stats.ncaa.org/team/86/stats/12424,Buffalo Bulls,Team Statistics,2017
history,http://stats.ncaa.org/teams/history/MFB/107,California Golden Bears,Team History,2017
people,http://stats.ncaa.org/people/37006?sport_code=MFB,California Golden Bears,Sonny Dykes,2017
roster,http://stats.ncaa.org/team/107/roster/12424,California Golden Bears,Roster,2017
stats,http://stats.ncaa.org/team/107/stats/12424,California Golden Bears,Team Statistics,2017
history,http://stats.ncaa.org/teams/history/MFB/129,Central Mich. Chippewas,Team History,2017
people,http://stats.ncaa.org/people/44006?sport_code=MFB,Central Mich. Chippewas,John Bonamego,2017
roster,http://stats.ncaa.org/team/129/roster/12424,Central Mich. Chippewas,Roster,2017
stats,http://stats.ncaa.org/team/129/stats/12424,Central Mich. Chippewas,Team Statistics,2017
history,http://stats.ncaa.org/teams/history/MFB/458,Charlotte 49ers,Team History,2017
people,http://stats.ncaa.org/people/42447?sport_code=MFB,Charlotte 49ers,Brad Lambert,2017
roster,http://stats.ncaa.org/team/458/roster/12424,Charlotte 49ers,Roster,2017
stats,http://stats.ncaa.org/team/458/stats/12424,Charlotte 49ers,Team Statistics,2017
history,http://stats.ncaa.org/teams/history/MFB/149,Coastal Caro. Chanticleers,Team History,2017
people,http://stats.ncaa.org/people/40967?sport_code=MFB,Coastal Caro. Chanticleers,Joe Moglia,2017
roster,http://stats.ncaa.org/team/149/roster/12424,Coastal Caro. Chanticleers,Roster,2017
stats,http://stats.ncaa.org/team/149/stats/12424,Coastal Caro. Chanticleers,Team Statistics,2017
history,http://stats.ncaa.org/teams/history/MFB/140,Cincinnati Bearcats,Team History,2017
people,http://stats.ncaa.org/people/3821?sport_code=MFB,Cincinnati Bearcats,Tommy Tuberville,2017
roster,http://stats.ncaa.org/team/140/roster/12424,Cincinnati Bearcats,Roster,2017
stats,http://stats.ncaa.org/team/140/stats/12424,Cincinnati Bearcats,Team Statistics,2017
history,http://stats.ncaa.org/teams/history/MFB/147,Clemson Tigers,Team History,2017
people,http://stats.ncaa.org/people/34932?sport_code=MFB,Clemson Tigers,Dabo Swinney,2017
roster,http://stats.ncaa.org/team/147/roster/12424,Clemson Tigers,Roster,2017
stats,http://stats.ncaa.org/team/147/stats/12424,Clemson Tigers,Team Statistics,2017
history,http://stats.ncaa.org/teams/history/MFB/156,Colorado St. Rams,Team History,2017
people,http://stats.ncaa.org/people/44007?sport_code=MFB,Colorado St. Rams,Mike Bobo,2017
roster,http://stats.ncaa.org/team/156/roster/12424,Colorado St. Rams,Roster,2017
stats,http://stats.ncaa.org/team/156/stats/12424,Colorado St. Rams,Team Statistics,2017
history,http://stats.ncaa.org/teams/history/MFB/157,Colorado Buffaloes,Team History,2017
people,http://stats.ncaa.org/people/37033?sport_code=MFB,Colorado Buffaloes,Mike MacIntyre,2017
roster,http://stats.ncaa.org/team/157/roster/12424,Colorado Buffaloes,Roster,2017
stats,http://stats.ncaa.org/team/157/stats/12424,Colorado Buffaloes,Team Statistics,2017
history,http://stats.ncaa.org/teams/history/MFB/193,Duke Blue Devils,Team History,2017
people,http://stats.ncaa.org/people/856?sport_code=MFB,Duke Blue Devils,David Cutcliffe,2017
roster,http://stats.ncaa.org/team/193/roster/12424,Duke Blue Devils,Roster,2017
stats,http://stats.ncaa.org/team/193/stats/12424,Duke Blue Devils,Team Statistics,2017
history,http://stats.ncaa.org/teams/history/MFB/196,East Carolina Pirates,Team History,2017
people,http://stats.ncaa.org/people/45384?sport_code=MFB,East Carolina Pirates,Scottie Montgomery,2017
roster,http://stats.ncaa.org/team/196/roster/12424,East Carolina Pirates,Roster,2017
stats,http://stats.ncaa.org/team/196/stats/12424,East Carolina Pirates,Team Statistics,2017
history,http://stats.ncaa.org/teams/history/MFB/204,Eastern Mich. Eagles,Team History,2017
people,http://stats.ncaa.org/people/617?sport_code=MFB,Eastern Mich. Eagles,Chris Creighton,2017
roster,http://stats.ncaa.org/team/204/roster/12424,Eastern Mich. Eagles,Roster,2017
stats,http://stats.ncaa.org/team/204/stats/12424,Eastern Mich. Eagles,Team Statistics,2017
history,http://stats.ncaa.org/teams/history/MFB/231,FIU Panthers,Team History,2017
people,http://stats.ncaa.org/people/3283?sport_code=MFB,FIU Panthers,Ron Turner,2017
people,http://stats.ncaa.org/people/3252?sport_code=MFB,FIU Panthers,Ron Cooper,2017
roster,http://stats.ncaa.org/team/231/roster/12424,FIU Panthers,Roster,2017
stats,http://stats.ncaa.org/team/231/stats/12424,FIU Panthers,Team Statistics,2017
history,http://stats.ncaa.org/teams/history/MFB/229,Fla. Atlantic Owls,Team History,2017
people,http://stats.ncaa.org/people/42982?sport_code=MFB,Fla. Atlantic Owls,Charlie Partridge,2017
roster,http://stats.ncaa.org/team/229/roster/12424,Fla. Atlantic Owls,Roster,2017
stats,http://stats.ncaa.org/team/229/stats/12424,Fla. Atlantic Owls,Team Statistics,2017
history,http://stats.ncaa.org/teams/history/MFB/235,Florida Gators,Team History,2017
people,http://stats.ncaa.org/people/40992?sport_code=MFB,Florida Gators,Jim McElwain,2017
roster,http://stats.ncaa.org/team/235/roster/12424,Florida Gators,Roster,2017
stats,http://stats.ncaa.org/team/235/stats/12424,Florida Gators,Team Statistics,2017
history,http://stats.ncaa.org/teams/history/MFB/234,Florida St. Seminoles,Team History,2017
people,http://stats.ncaa.org/people/37001?sport_code=MFB,Florida St. Seminoles,Jimbo Fisher,2017
roster,http://stats.ncaa.org/team/234/roster/12424,Florida St. Seminoles,Roster,2017
stats,http://stats.ncaa.org/team/234/stats/12424,Florida St. Seminoles,Team Statistics,2017
history,http://stats.ncaa.org/teams/history/MFB/96,Fresno St. Bulldogs,Team History,2017
people,http://stats.ncaa.org/people/40878?sport_code=MFB,Fresno St. Bulldogs,Tim DeRuyter,2017
people,http://stats.ncaa.org/people/45840?sport_code=MFB,Fresno St. Bulldogs,Eric Kiesau,2017
roster,http://stats.ncaa.org/team/96/roster/12424,Fresno St. Bulldogs,Roster,2017
stats,http://stats.ncaa.org/team/96/stats/12424,Fresno St. Bulldogs,Team Statistics,2017
history,http://stats.ncaa.org/teams/history/MFB/253,Ga. Southern Eagles,Team History,2017
people,http://stats.ncaa.org/people/45393?sport_code=MFB,Ga. Southern Eagles,Tyson Summers,2017
roster,http://stats.ncaa.org/team/253/roster/12424,Ga. Southern Eagles,Roster,2017
stats,http://stats.ncaa.org/team/253/stats/12424,Ga. Southern Eagles,Team Statistics,2017
history,http://stats.ncaa.org/teams/history/MFB/254,Georgia St. Panthers,Team History,2017
people,http://stats.ncaa.org/people/33449?sport_code=MFB,Georgia St. Panthers,Trent Miles,2017
people,http://stats.ncaa.org/people/45937?sport_code=MFB,Georgia St. Panthers,Tim Lappano,2017
roster,http://stats.ncaa.org/team/254/roster/12424,Georgia St. Panthers,Roster,2017
stats,http://stats.ncaa.org/team/254/stats/12424,Georgia St. Panthers,Team Statistics,2017
history,http://stats.ncaa.org/teams/history/MFB/257,Georgia Bulldogs,Team History,2017
people,http://stats.ncaa.org/people/45386?sport_code=MFB,Georgia Bulldogs,Kirby Smart,2017
roster,http://stats.ncaa.org/team/257/roster/12424,Georgia Bulldogs,Roster,2017
stats,http://stats.ncaa.org/team/257/stats/12424,Georgia Bulldogs,Team Statistics,2017
history,http://stats.ncaa.org/teams/history/MFB/255,Georgia Tech Yellow Jackets,Team History,2017
people,http://stats.ncaa.org/people/2926?sport_code=MFB,Georgia Tech Yellow Jackets,Paul Johnson,2017
roster,http://stats.ncaa.org/team/255/roster/12424,Georgia Tech Yellow Jackets,Roster,2017
stats,http://stats.ncaa.org/team/255/stats/12424,Georgia Tech Yellow Jackets,Team Statistics,2017
history,http://stats.ncaa.org/teams/history/MFB/277,Hawaii Rainbow Warriors,Team History,2017
people,http://stats.ncaa.org/people/45387?sport_code=MFB,Hawaii Rainbow Warriors,Nick Rolovich,2017
roster,http://stats.ncaa.org/team/277/roster/12424,Hawaii Rainbow Warriors,Roster,2017
stats,http://stats.ncaa.org/team/277/stats/12424,Hawaii Rainbow Warriors,Team Statistics,2017
history,http://stats.ncaa.org/teams/history/MFB/288,Houston Cougars,Team History,2017
people,http://stats.ncaa.org/people/44011?sport_code=MFB,Houston Cougars,Tom Herman,2017
people,http://stats.ncaa.org/people/46000?sport_code=MFB,Houston Cougars,Major Applewhite,2017
roster,http://stats.ncaa.org/team/288/roster/12424,Houston Cougars,Roster,2017
stats,http://stats.ncaa.org/team/288/stats/12424,Houston Cougars,Team Statistics,2017
history,http://stats.ncaa.org/teams/history/MFB/295,Idaho Vandals,Team History,2017
people,http://stats.ncaa.org/people/41709?sport_code=MFB,Idaho Vandals,Paul Petrino,2017
roster,http://stats.ncaa.org/team/295/roster/12424,Idaho Vandals,Roster,2017
stats,http://stats.ncaa.org/team/295/stats/12424,Idaho Vandals,Team Statistics,2017
history,http://stats.ncaa.org/teams/history/MFB/301,Illinois Fighting Illini,Team History,2017
people,http://stats.ncaa.org/people/45661?sport_code=MFB,Illinois Fighting Illini,Lovie Smith,2017
roster,http://stats.ncaa.org/team/301/roster/12424,Illinois Fighting Illini,Roster,2017
stats,http://stats.ncaa.org/team/301/stats/12424,Illinois Fighting Illini,Team Statistics,2017
history,http://stats.ncaa.org/teams/history/MFB/306,Indiana Hoosiers,Team History,2017
people,http://stats.ncaa.org/people/38534?sport_code=MFB,Indiana Hoosiers,Kevin Wilson,2017
people,http://stats.ncaa.org/people/45950?sport_code=MFB,Indiana Hoosiers,Tom Allen,2017
roster,http://stats.ncaa.org/team/306/roster/12424,Indiana Hoosiers,Roster,2017
stats,http://stats.ncaa.org/team/306/stats/12424,Indiana Hoosiers,Team Statistics,2017
history,http://stats.ncaa.org/teams/history/MFB/312,Iowa Hawkeyes,Team History,2017
people,http://stats.ncaa.org/people/2233?sport_code=MFB,Iowa Hawkeyes,Kirk Ferentz,2017
roster,http://stats.ncaa.org/team/312/roster/12424,Iowa Hawkeyes,Roster,2017
stats,http://stats.ncaa.org/team/312/stats/12424,Iowa Hawkeyes,Team Statistics,2017
history,http://stats.ncaa.org/teams/history/MFB/311,Iowa St. Cyclones,Team History,2017
people,http://stats.ncaa.org/people/22364?sport_code=MFB,Iowa St. Cyclones,Matt Campbell,2017
roster,http://stats.ncaa.org/team/311/roster/12424,Iowa St. Cyclones,Roster,2017
stats,http://stats.ncaa.org/team/311/stats/12424,Iowa St. Cyclones,Team Statistics,2017
history,http://stats.ncaa.org/teams/history/MFB/328,Kansas Jayhawks,Team History,2017
people,http://stats.ncaa.org/people/44013?sport_code=MFB,Kansas Jayhawks,David Beaty,2017
roster,http://stats.ncaa.org/team/328/roster/12424,Kansas Jayhawks,Roster,2017
stats,http://stats.ncaa.org/team/328/stats/12424,Kansas Jayhawks,Team Statistics,2017
history,http://stats.ncaa.org/teams/history/MFB/327,Kansas St. Wildcats,Team History,2017
people,http://stats.ncaa.org/people/253?sport_code=MFB,Kansas St. Wildcats,Bill Snyder,2017
roster,http://stats.ncaa.org/team/327/roster/12424,Kansas St. Wildcats,Roster,2017
stats,http://stats.ncaa.org/team/327/stats/12424,Kansas St. Wildcats,Team Statistics,2017
history,http://stats.ncaa.org/teams/history/MFB/334,Kentucky Wildcats,Team History,2017
people,http://stats.ncaa.org/people/41710?sport_code=MFB,Kentucky Wildcats,Mark Stoops,2017
roster,http://stats.ncaa.org/team/334/roster/12424,Kentucky Wildcats,Roster,2017
stats,http://stats.ncaa.org/team/334/stats/12424,Kentucky Wildcats,Team Statistics,2017
history,http://stats.ncaa.org/teams/history/MFB/331,Kent St. Golden Flashes,Team History,2017
people,http://stats.ncaa.org/people/41500?sport_code=MFB,Kent St. Golden Flashes,Paul Haynes,2017
roster,http://stats.ncaa.org/team/331/roster/12424,Kent St. Golden Flashes,Roster,2017
stats,http://stats.ncaa.org/team/331/stats/12424,Kent St. Golden Flashes,Team Statistics,2017
history,http://stats.ncaa.org/teams/history/MFB/365,LSU Fighting Tigers,Team History,2017
people,http://stats.ncaa.org/people/2361?sport_code=MFB,LSU Fighting Tigers,Les Miles,2017
people,http://stats.ncaa.org/people/25075?sport_code=MFB,LSU Fighting Tigers,Ed Orgeron,2017
roster,http://stats.ncaa.org/team/365/roster/12424,LSU Fighting Tigers,Roster,2017
stats,http://stats.ncaa.org/team/365/stats/12424,LSU Fighting Tigers,Team Statistics,2017
history,http://stats.ncaa.org/teams/history/MFB/498,La.-Monroe Warhawks,Team History,2017
people,http://stats.ncaa.org/people/31312?sport_code=MFB,La.-Monroe Warhawks,Matt Viator,2017
roster,http://stats.ncaa.org/team/498/roster/12424,La.-Monroe Warhawks,Roster,2017
stats,http://stats.ncaa.org/team/498/stats/12424,La.-Monroe Warhawks,Team Statistics,2017
history,http://stats.ncaa.org/teams/history/MFB/671,Louisiana Ragin' Cajuns,Team History,2017
people,http://stats.ncaa.org/people/20684?sport_code=MFB,Louisiana Ragin' Cajuns,Mark Hudspeth,2017
roster,http://stats.ncaa.org/team/671/roster/12424,Louisiana Ragin' Cajuns,Roster,2017
stats,http://stats.ncaa.org/team/671/stats/12424,Louisiana Ragin' Cajuns,Team Statistics,2017
history,http://stats.ncaa.org/teams/history/MFB/367,Louisville Cardinals,Team History,2017
people,http://stats.ncaa.org/people/21353?sport_code=MFB,Louisville Cardinals,Bobby Petrino,2017
roster,http://stats.ncaa.org/team/367/roster/12424,Louisville Cardinals,Roster,2017
stats,http://stats.ncaa.org/team/367/stats/12424,Louisville Cardinals,Team Statistics,2017
history,http://stats.ncaa.org/teams/history/MFB/366,Louisiana Tech Bulldogs,Team History,2017
people,http://stats.ncaa.org/people/25072?sport_code=MFB,Louisiana Tech Bulldogs,Skip Holtz,2017
roster,http://stats.ncaa.org/team/366/roster/12424,Louisiana Tech Bulldogs,Roster,2017
stats,http://stats.ncaa.org/team/366/stats/12424,Louisiana Tech Bulldogs,Team Statistics,2017
history,http://stats.ncaa.org/teams/history/MFB/388,Marshall Thundering Herd,Team History,2017
people,http://stats.ncaa.org/people/37007?sport_code=MFB,Marshall Thundering Herd,"John ""Doc"" Holliday",2017
roster,http://stats.ncaa.org/team/388/roster/12424,Marshall Thundering Herd,Roster,2017
stats,http://stats.ncaa.org/team/388/stats/12424,Marshall Thundering Herd,Team Statistics,2017
history,http://stats.ncaa.org/teams/history/MFB/392,"Maryland Terrapins, Terps",Team History,2017
people,http://stats.ncaa.org/people/44008?sport_code=MFB,"Maryland Terrapins, Terps",D.J. Durkin,2017
roster,http://stats.ncaa.org/team/392/roster/12424,"Maryland Terrapins, Terps",Roster,2017
stats,http://stats.ncaa.org/team/392/stats/12424,"Maryland Terrapins, Terps",Team Statistics,2017
history,http://stats.ncaa.org/teams/history/MFB/400,Massachusetts Minutemen,Team History,2017
people,http://stats.ncaa.org/people/2517?sport_code=MFB,Massachusetts Minutemen,Mark Whipple,2017
roster,http://stats.ncaa.org/team/400/roster/12424,Massachusetts Minutemen,Roster,2017
stats,http://stats.ncaa.org/team/400/stats/12424,Massachusetts Minutemen,Team Statistics,2017
history,http://stats.ncaa.org/teams/history/MFB/414,Miami (OH) RedHawks,Team History,2017
people,http://stats.ncaa.org/people/22568?sport_code=MFB,Miami (OH) RedHawks,Chuck Martin,2017
roster,http://stats.ncaa.org/team/414/roster/12424,Miami (OH) RedHawks,Roster,2017
stats,http://stats.ncaa.org/team/414/stats/12424,Miami (OH) RedHawks,Team Statistics,2017
history,http://stats.ncaa.org/teams/history/MFB/415,Miami (FL) Hurricanes,Team History,2017
history,http://stats.ncaa.org/teams/history/MFB/404,Memphis Tigers,Team History,2017
people,http://stats.ncaa.org/people/2504?sport_code=MFB,Miami (FL) Hurricanes,Mark Richt,2017
roster,http://stats.ncaa.org/team/415/roster/12424,Miami (FL) Hurricanes,Roster,2017
stats,http://stats.ncaa.org/team/415/stats/12424,Miami (FL) Hurricanes,Team Statistics,2017
people,http://stats.ncaa.org/people/45381?sport_code=MFB,Memphis Tigers,Mike Norvell,2017
roster,http://stats.ncaa.org/team/404/roster/12424,Memphis Tigers,Roster,2017
stats,http://stats.ncaa.org/team/404/stats/12424,Memphis Tigers,Team Statistics,2017
history,http://stats.ncaa.org/teams/history/MFB/418,Michigan Wolverines,Team History,2017
people,http://stats.ncaa.org/people/25070?sport_code=MFB,Michigan Wolverines,Jim Harbaugh,2017
roster,http://stats.ncaa.org/team/418/roster/12424,Michigan Wolverines,Roster,2017
stats,http://stats.ncaa.org/team/418/stats/12424,Michigan Wolverines,Team Statistics,2017
history,http://stats.ncaa.org/teams/history/MFB/416,Michigan St. Spartans,Team History,2017
people,http://stats.ncaa.org/people/24978?sport_code=MFB,Michigan St. Spartans,Mark Dantonio,2017
roster,http://stats.ncaa.org/team/416/roster/12424,Michigan St. Spartans,Roster,2017
stats,http://stats.ncaa.org/team/416/stats/12424,Michigan St. Spartans,Team Statistics,2017
history,http://stats.ncaa.org/teams/history/MFB/419,Middle Tenn. Blue Raiders,Team History,2017
people,http://stats.ncaa.org/people/28004?sport_code=MFB,Middle Tenn. Blue Raiders,Rick Stockstill,2017
roster,http://stats.ncaa.org/team/419/roster/12424,Middle Tenn. Blue Raiders,Roster,2017
stats,http://stats.ncaa.org/team/419/stats/12424,Middle Tenn. Blue Raiders,Team Statistics,2017
history,http://stats.ncaa.org/teams/history/MFB/428,Minnesota Golden Gophers,Team History,2017
people,http://stats.ncaa.org/people/44835?sport_code=MFB,Minnesota Golden Gophers,Tracy Claeys,2017
roster,http://stats.ncaa.org/team/428/roster/12424,Minnesota Golden Gophers,Roster,2017
stats,http://stats.ncaa.org/team/428/stats/12424,Minnesota Golden Gophers,Team Statistics,2017
history,http://stats.ncaa.org/teams/history/MFB/430,Mississippi St. Bulldogs,Team History,2017
people,http://stats.ncaa.org/people/35867?sport_code=MFB,Mississippi St. Bulldogs,Dan Mullen,2017
roster,http://stats.ncaa.org/team/430/roster/12424,Mississippi St. Bulldogs,Roster,2017
stats,http://stats.ncaa.org/team/430/stats/12424,Mississippi St. Bulldogs,Team Statistics,2017
history,http://stats.ncaa.org/teams/history/MFB/434,Missouri Tigers,Team History,2017
people,http://stats.ncaa.org/people/45388?sport_code=MFB,Missouri Tigers,Barry Odom,2017
roster,http://stats.ncaa.org/team/434/roster/12424,Missouri Tigers,Roster,2017
stats,http://stats.ncaa.org/team/434/stats/12424,Missouri Tigers,Team Statistics,2017
history,http://stats.ncaa.org/teams/history/MFB/490,NC State Wolfpack,Team History,2017
people,http://stats.ncaa.org/people/38542?sport_code=MFB,NC State Wolfpack,Dave Doeren,2017
roster,http://stats.ncaa.org/team/490/roster/12424,NC State Wolfpack,Roster,2017
stats,http://stats.ncaa.org/team/490/stats/12424,NC State Wolfpack,Team Statistics,2017
history,http://stats.ncaa.org/teams/history/MFB/473,New Mexico Lobos,Team History,2017
people,http://stats.ncaa.org/people/304?sport_code=MFB,New Mexico Lobos,Bob Davie,2017
roster,http://stats.ncaa.org/team/473/roster/12424,New Mexico Lobos,Roster,2017
stats,http://stats.ncaa.org/team/473/stats/12424,New Mexico Lobos,Team Statistics,2017
history,http://stats.ncaa.org/teams/history/MFB/466,Nevada Wolf Pack,Team History,2017
people,http://stats.ncaa.org/people/41711?sport_code=MFB,Nevada Wolf Pack,Brian Polian,2017
roster,http://stats.ncaa.org/team/466/roster/12424,Nevada Wolf Pack,Roster,2017
stats,http://stats.ncaa.org/team/466/stats/12424,Nevada Wolf Pack,Team Statistics,2017
history,http://stats.ncaa.org/teams/history/MFB/472,New Mexico St. Aggies,Team History,2017
people,http://stats.ncaa.org/people/1061?sport_code=MFB,New Mexico St. Aggies,Doug Martin,2017
roster,http://stats.ncaa.org/team/472/roster/12424,New Mexico St. Aggies,Roster,2017
stats,http://stats.ncaa.org/team/472/stats/12424,New Mexico St. Aggies,Team Statistics,2017
history,http://stats.ncaa.org/teams/history/MFB/726,Navy Midshipmen,Team History,2017
people,http://stats.ncaa.org/people/33422?sport_code=MFB,Navy Midshipmen,Ken Niumatalolo,2017
roster,http://stats.ncaa.org/team/726/roster/12424,Navy Midshipmen,Roster,2017
stats,http://stats.ncaa.org/team/726/stats/12424,Navy Midshipmen,Team Statistics,2017
history,http://stats.ncaa.org/teams/history/MFB/497,North Texas Mean Green,Team History,2017
people,http://stats.ncaa.org/people/45389?sport_code=MFB,North Texas Mean Green,Seth Littrell,2017
roster,http://stats.ncaa.org/team/497/roster/12424,North Texas Mean Green,Roster,2017
stats,http://stats.ncaa.org/team/497/stats/12424,North Texas Mean Green,Team Statistics,2017
history,http://stats.ncaa.org/teams/history/MFB/463,"Nebraska Cornhuskers, Huskers",Team History,2017
people,http://stats.ncaa.org/people/15427?sport_code=MFB,"Nebraska Cornhuskers, Huskers",Mike Riley,2017
roster,http://stats.ncaa.org/team/463/roster/12424,"Nebraska Cornhuskers, Huskers",Roster,2017
stats,http://stats.ncaa.org/team/463/stats/12424,"Nebraska Cornhuskers, Huskers",Team Statistics,2017
history,http://stats.ncaa.org/teams/history/MFB/457,North Carolina Tar Heels,Team History,2017
people,http://stats.ncaa.org/people/33424?sport_code=MFB,North Carolina Tar Heels,Larry Fedora,2017
roster,http://stats.ncaa.org/team/457/roster/12424,North Carolina Tar Heels,Roster,2017
stats,http://stats.ncaa.org/team/457/stats/12424,North Carolina Tar Heels,Team Statistics,2017
history,http://stats.ncaa.org/teams/history/MFB/503,Northern Ill. Huskies,Team History,2017
people,http://stats.ncaa.org/people/41712?sport_code=MFB,Northern Ill. Huskies,Rod Carey,2017
roster,http://stats.ncaa.org/team/503/roster/12424,Northern Ill. Huskies,Roster,2017
stats,http://stats.ncaa.org/team/503/stats/12424,Northern Ill. Huskies,Team Statistics,2017
history,http://stats.ncaa.org/teams/history/MFB/518,Ohio St. Buckeyes,Team History,2017
people,http://stats.ncaa.org/people/3864?sport_code=MFB,Ohio St. Buckeyes,Urban Meyer,2017
roster,http://stats.ncaa.org/team/518/roster/12424,Ohio St. Buckeyes,Roster,2017
stats,http://stats.ncaa.org/team/518/stats/12424,Ohio St. Buckeyes,Team Statistics,2017
history,http://stats.ncaa.org/teams/history/MFB/522,Oklahoma Sooners,Team History,2017
history,http://stats.ncaa.org/teams/history/MFB/509,Northwestern Wildcats,Team History,2017
people,http://stats.ncaa.org/people/358?sport_code=MFB,Oklahoma Sooners,Bob Stoops,2017
roster,http://stats.ncaa.org/team/522/roster/12424,Oklahoma Sooners,Roster,2017
stats,http://stats.ncaa.org/team/522/stats/12424,Oklahoma Sooners,Team Statistics,2017
people,http://stats.ncaa.org/people/29792?sport_code=MFB,Northwestern Wildcats,Pat Fitzgerald,2017
roster,http://stats.ncaa.org/team/509/roster/12424,Northwestern Wildcats,Roster,2017
stats,http://stats.ncaa.org/team/509/stats/12424,Northwestern Wildcats,Team Statistics,2017
history,http://stats.ncaa.org/teams/history/MFB/519,Ohio Bobcats,Team History,2017
people,http://stats.ncaa.org/people/1208?sport_code=MFB,Ohio Bobcats,Frank Solich,2017
roster,http://stats.ncaa.org/team/519/roster/12424,Ohio Bobcats,Roster,2017
stats,http://stats.ncaa.org/team/519/stats/12424,Ohio Bobcats,Team Statistics,2017
history,http://stats.ncaa.org/teams/history/MFB/521,Oklahoma St. Cowboys,Team History,2017
people,http://stats.ncaa.org/people/25077?sport_code=MFB,Oklahoma St. Cowboys,Mike Gundy,2017
roster,http://stats.ncaa.org/team/521/roster/12424,Oklahoma St. Cowboys,Roster,2017
stats,http://stats.ncaa.org/team/521/stats/12424,Oklahoma St. Cowboys,Team Statistics,2017
history,http://stats.ncaa.org/teams/history/MFB/523,Old Dominion Monarchs,Team History,2017
people,http://stats.ncaa.org/people/31380?sport_code=MFB,Old Dominion Monarchs,Bobby Wilder,2017
roster,http://stats.ncaa.org/team/523/roster/12424,Old Dominion Monarchs,Roster,2017
stats,http://stats.ncaa.org/team/523/stats/12424,Old Dominion Monarchs,Team Statistics,2017
history,http://stats.ncaa.org/teams/history/MFB/433,Ole Miss Rebels,Team History,2017
people,http://stats.ncaa.org/people/38512?sport_code=MFB,Ole Miss Rebels,Hugh Freeze,2017
roster,http://stats.ncaa.org/team/433/roster/12424,Ole Miss Rebels,Roster,2017
stats,http://stats.ncaa.org/team/433/stats/12424,Ole Miss Rebels,Team Statistics,2017
history,http://stats.ncaa.org/teams/history/MFB/513,Notre Dame Fighting Irish,Team History,2017
people,http://stats.ncaa.org/people/434?sport_code=MFB,Notre Dame Fighting Irish,Brian Kelly,2017
roster,http://stats.ncaa.org/team/513/roster/12424,Notre Dame Fighting Irish,Roster,2017
stats,http://stats.ncaa.org/team/513/stats/12424,Notre Dame Fighting Irish,Team Statistics,2017
history,http://stats.ncaa.org/teams/history/MFB/529,Oregon Ducks,Team History,2017
people,http://stats.ncaa.org/people/41683?sport_code=MFB,Oregon Ducks,Mark Helfrich,2017
roster,http://stats.ncaa.org/team/529/roster/12424,Oregon Ducks,Roster,2017
stats,http://stats.ncaa.org/team/529/stats/12424,Oregon Ducks,Team Statistics,2017
history,http://stats.ncaa.org/teams/history/MFB/528,Oregon St. Beavers,Team History,2017
people,http://stats.ncaa.org/people/35874?sport_code=MFB,Oregon St. Beavers,Gary Andersen,2017
roster,http://stats.ncaa.org/team/528/roster/12424,Oregon St. Beavers,Roster,2017
stats,http://stats.ncaa.org/team/528/stats/12424,Oregon St. Beavers,Team Statistics,2017
history,http://stats.ncaa.org/teams/history/MFB/539,Penn St. Nittany Lions,Team History,2017
history,http://stats.ncaa.org/teams/history/MFB/545,Pittsburgh Panthers,Team History,2017
people,http://stats.ncaa.org/people/38549?sport_code=MFB,Penn St. Nittany Lions,James Franklin,2017
roster,http://stats.ncaa.org/team/539/roster/12424,Penn St. Nittany Lions,Roster,2017
stats,http://stats.ncaa.org/team/539/stats/12424,Penn St. Nittany Lions,Team Statistics,2017
people,http://stats.ncaa.org/people/44019?sport_code=MFB,Pittsburgh Panthers,Pat Narduzzi,2017
roster,http://stats.ncaa.org/team/545/roster/12424,Pittsburgh Panthers,Roster,2017
stats,http://stats.ncaa.org/team/545/stats/12424,Pittsburgh Panthers,Team Statistics,2017
history,http://stats.ncaa.org/teams/history/MFB/574,Rice Owls,Team History,2017
people,http://stats.ncaa.org/people/25058?sport_code=MFB,Rice Owls,David Bailiff,2017
roster,http://stats.ncaa.org/team/574/roster/12424,Rice Owls,Roster,2017
stats,http://stats.ncaa.org/team/574/stats/12424,Rice Owls,Team Statistics,2017
history,http://stats.ncaa.org/teams/history/MFB/587,Rutgers Scarlet Knights,Team History,2017
people,http://stats.ncaa.org/people/45390?sport_code=MFB,Rutgers Scarlet Knights,Chris Ash,2017
roster,http://stats.ncaa.org/team/587/roster/12424,Rutgers Scarlet Knights,Roster,2017
stats,http://stats.ncaa.org/team/587/stats/12424,Rutgers Scarlet Knights,Team Statistics,2017
history,http://stats.ncaa.org/teams/history/MFB/559,Purdue Boilermakers,Team History,2017
people,http://stats.ncaa.org/people/38535?sport_code=MFB,Purdue Boilermakers,Darrell Hazell,2017
people,http://stats.ncaa.org/people/45841?sport_code=MFB,Purdue Boilermakers,Gerad Parker,2017
roster,http://stats.ncaa.org/team/559/roster/12424,Purdue Boilermakers,Roster,2017
stats,http://stats.ncaa.org/team/559/stats/12424,Purdue Boilermakers,Team Statistics,2017
history,http://stats.ncaa.org/teams/history/MFB/663,SMU Mustangs,Team History,2017
people,http://stats.ncaa.org/people/44023?sport_code=MFB,SMU Mustangs,Chad Morris,2017
roster,http://stats.ncaa.org/team/663/roster/12424,SMU Mustangs,Roster,2017
stats,http://stats.ncaa.org/team/663/stats/12424,SMU Mustangs,Team Statistics,2017
history,http://stats.ncaa.org/teams/history/MFB/626,San Diego St. Aztecs,Team History,2017
people,http://stats.ncaa.org/people/3211?sport_code=MFB,San Diego St. Aztecs,Rocky Long,2017
roster,http://stats.ncaa.org/team/626/roster/12424,San Diego St. Aztecs,Roster,2017
stats,http://stats.ncaa.org/team/626/stats/12424,San Diego St. Aztecs,Team Statistics,2017
history,http://stats.ncaa.org/teams/history/MFB/630,San Jose St. Spartans,Team History,2017
people,http://stats.ncaa.org/people/31313?sport_code=MFB,San Jose St. Spartans,Ron Caragher,2017
roster,http://stats.ncaa.org/team/630/roster/12424,San Jose St. Spartans,Roster,2017
stats,http://stats.ncaa.org/team/630/stats/12424,San Jose St. Spartans,Team Statistics,2017
history,http://stats.ncaa.org/teams/history/MFB/646,South Ala. Jaguars,Team History,2017
people,http://stats.ncaa.org/people/40974?sport_code=MFB,South Ala. Jaguars,Joey Jones,2017
roster,http://stats.ncaa.org/team/646/roster/12424,South Ala. Jaguars,Roster,2017
stats,http://stats.ncaa.org/team/646/stats/12424,South Ala. Jaguars,Team Statistics,2017
history,http://stats.ncaa.org/teams/history/MFB/648,South Carolina Gamecocks,Team History,2017
people,http://stats.ncaa.org/people/38515?sport_code=MFB,South Carolina Gamecocks,Will Muschamp,2017
roster,http://stats.ncaa.org/team/648/roster/12424,South Carolina Gamecocks,Roster,2017
stats,http://stats.ncaa.org/team/648/stats/12424,South Carolina Gamecocks,Team Statistics,2017
history,http://stats.ncaa.org/teams/history/MFB/651,South Fla. Bulls,Team History,2017
people,http://stats.ncaa.org/people/37046?sport_code=MFB,South Fla. Bulls,Willie Taggart,2017
people,http://stats.ncaa.org/people/42314?sport_code=MFB,South Fla. Bulls,T.J. Weist,2017
roster,http://stats.ncaa.org/team/651/roster/12424,South Fla. Bulls,Roster,2017
stats,http://stats.ncaa.org/team/651/stats/12424,South Fla. Bulls,Team Statistics,2017
history,http://stats.ncaa.org/teams/history/MFB/657,Southern California Trojans,Team History,2017
people,http://stats.ncaa.org/people/44779?sport_code=MFB,Southern California Trojans,Clay Helton,2017
roster,http://stats.ncaa.org/team/657/roster/12424,Southern California Trojans,Roster,2017
stats,http://stats.ncaa.org/team/657/stats/12424,Southern California Trojans,Team Statistics,2017
history,http://stats.ncaa.org/teams/history/MFB/664,Southern Miss. Golden Eagles,Team History,2017
people,http://stats.ncaa.org/people/40993?sport_code=MFB,Southern Miss. Golden Eagles,Jay Hopson,2017
roster,http://stats.ncaa.org/team/664/roster/12424,Southern Miss. Golden Eagles,Roster,2017
stats,http://stats.ncaa.org/team/664/stats/12424,Southern Miss. Golden Eagles,Team Statistics,2017
history,http://stats.ncaa.org/teams/history/MFB/674,Stanford Cardinal,Team History,2017
people,http://stats.ncaa.org/people/38546?sport_code=MFB,Stanford Cardinal,David Shaw,2017
roster,http://stats.ncaa.org/team/674/roster/12424,Stanford Cardinal,Roster,2017
stats,http://stats.ncaa.org/team/674/stats/12424,Stanford Cardinal,Team Statistics,2017
history,http://stats.ncaa.org/teams/history/MFB/688,Syracuse Orange,Team History,2017
people,http://stats.ncaa.org/people/40968?sport_code=MFB,Syracuse Orange,Dino Babers,2017
roster,http://stats.ncaa.org/team/688/roster/12424,Syracuse Orange,Roster,2017
stats,http://stats.ncaa.org/team/688/stats/12424,Syracuse Orange,Team Statistics,2017
history,http://stats.ncaa.org/teams/history/MFB/698,TCU Horned Frogs,Team History,2017
people,http://stats.ncaa.org/people/1268?sport_code=MFB,TCU Horned Frogs,Gary Patterson,2017
roster,http://stats.ncaa.org/team/698/roster/12424,TCU Horned Frogs,Roster,2017
stats,http://stats.ncaa.org/team/698/stats/12424,TCU Horned Frogs,Team Statistics,2017
history,http://stats.ncaa.org/teams/history/MFB/690,Temple Owls,Team History,2017
people,http://stats.ncaa.org/people/41718?sport_code=MFB,Temple Owls,Matt Rhule,2017
people,http://stats.ncaa.org/people/25062?sport_code=MFB,Temple Owls,Ed Foley,2017
roster,http://stats.ncaa.org/team/690/roster/12424,Temple Owls,Roster,2017
stats,http://stats.ncaa.org/team/690/stats/12424,Temple Owls,Team Statistics,2017
history,http://stats.ncaa.org/teams/history/MFB/694,Tennessee Volunteers,Team History,2017
people,http://stats.ncaa.org/people/31752?sport_code=MFB,Tennessee Volunteers,Butch Jones,2017
roster,http://stats.ncaa.org/team/694/roster/12424,Tennessee Volunteers,Roster,2017
stats,http://stats.ncaa.org/team/694/stats/12424,Tennessee Volunteers,Team Statistics,2017
history,http://stats.ncaa.org/teams/history/MFB/703,Texas Longhorns,Team History,2017
people,http://stats.ncaa.org/people/25309?sport_code=MFB,Texas Longhorns,Charlie Strong,2017
roster,http://stats.ncaa.org/team/703/roster/12424,Texas Longhorns,Roster,2017
stats,http://stats.ncaa.org/team/703/stats/12424,Texas Longhorns,Team Statistics,2017
history,http://stats.ncaa.org/teams/history/MFB/697,Texas A&M Aggies,Team History,2017
people,http://stats.ncaa.org/people/33421?sport_code=MFB,Texas A&M Aggies,Kevin Sumlin,2017
roster,http://stats.ncaa.org/team/697/roster/12424,Texas A&M Aggies,Roster,2017
stats,http://stats.ncaa.org/team/697/stats/12424,Texas A&M Aggies,Team Statistics,2017
history,http://stats.ncaa.org/teams/history/MFB/670,Texas St. Bobcats,Team History,2017
people,http://stats.ncaa.org/people/39547?sport_code=MFB,Texas St. Bobcats,Everett Withers,2017
roster,http://stats.ncaa.org/team/670/roster/12424,Texas St. Bobcats,Roster,2017
stats,http://stats.ncaa.org/team/670/stats/12424,Texas St. Bobcats,Team Statistics,2017
history,http://stats.ncaa.org/teams/history/MFB/700,Texas Tech Red Raiders,Team History,2017
people,http://stats.ncaa.org/people/41720?sport_code=MFB,Texas Tech Red Raiders,Kliff Kingsbury,2017
roster,http://stats.ncaa.org/team/700/roster/12424,Texas Tech Red Raiders,Roster,2017
stats,http://stats.ncaa.org/team/700/stats/12424,Texas Tech Red Raiders,Team Statistics,2017
history,http://stats.ncaa.org/teams/history/MFB/709,Toledo Rockets,Team History,2017
people,http://stats.ncaa.org/people/45379?sport_code=MFB,Toledo Rockets,Jason Candle,2017
roster,http://stats.ncaa.org/team/709/roster/12424,Toledo Rockets,Roster,2017
stats,http://stats.ncaa.org/team/709/stats/12424,Toledo Rockets,Team Statistics,2017
history,http://stats.ncaa.org/teams/history/MFB/716,Troy Trojans,Team History,2017
people,http://stats.ncaa.org/people/44024?sport_code=MFB,Troy Trojans,Neal Brown,2017
roster,http://stats.ncaa.org/team/716/roster/12424,Troy Trojans,Roster,2017
stats,http://stats.ncaa.org/team/716/stats/12424,Troy Trojans,Team Statistics,2017
history,http://stats.ncaa.org/teams/history/MFB/719,Tulsa Golden Hurricane,Team History,2017
people,http://stats.ncaa.org/people/44025?sport_code=MFB,Tulsa Golden Hurricane,Philip Montgomery,2017
roster,http://stats.ncaa.org/team/719/roster/12424,Tulsa Golden Hurricane,Roster,2017
stats,http://stats.ncaa.org/team/719/stats/12424,Tulsa Golden Hurricane,Team Statistics,2017
history,http://stats.ncaa.org/teams/history/MFB/718,Tulane Green Wave,Team History,2017
people,http://stats.ncaa.org/people/3953?sport_code=MFB,Tulane Green Wave,Willie Fritz,2017
roster,http://stats.ncaa.org/team/718/roster/12424,Tulane Green Wave,Roster,2017
stats,http://stats.ncaa.org/team/718/stats/12424,Tulane Green Wave,Team Statistics,2017
history,http://stats.ncaa.org/teams/history/MFB/128,UCF Knights,Team History,2017
people,http://stats.ncaa.org/people/45394?sport_code=MFB,UCF Knights,Scott Frost,2017
roster,http://stats.ncaa.org/team/128/roster/12424,UCF Knights,Roster,2017
stats,http://stats.ncaa.org/team/128/stats/12424,UCF Knights,Team Statistics,2017
history,http://stats.ncaa.org/teams/history/MFB/110,UCLA Bruins,Team History,2017
people,http://stats.ncaa.org/people/13944?sport_code=MFB,UCLA Bruins,Jim L. Mora,2017
roster,http://stats.ncaa.org/team/110/roster/12424,UCLA Bruins,Roster,2017
stats,http://stats.ncaa.org/team/110/stats/12424,UCLA Bruins,Team Statistics,2017
history,http://stats.ncaa.org/teams/history/MFB/164,"UConn Huskies, UConn",Team History,2017
people,http://stats.ncaa.org/people/42979?sport_code=MFB,"UConn Huskies, UConn",Bob Diaco,2017
roster,http://stats.ncaa.org/team/164/roster/12424,"UConn Huskies, UConn",Roster,2017
stats,http://stats.ncaa.org/team/164/stats/12424,"UConn Huskies, UConn",Team Statistics,2017
history,http://stats.ncaa.org/teams/history/MFB/465,UNLV Rebels,Team History,2017
people,http://stats.ncaa.org/people/44026?sport_code=MFB,UNLV Rebels,Tony Sanchez,2017
roster,http://stats.ncaa.org/team/465/roster/12424,UNLV Rebels,Roster,2017
stats,http://stats.ncaa.org/team/465/stats/12424,UNLV Rebels,Team Statistics,2017
history,http://stats.ncaa.org/teams/history/MFB/704,UTEP Miners,Team History,2017
people,http://stats.ncaa.org/people/41719?sport_code=MFB,UTEP Miners,Sean Kugler,2017
roster,http://stats.ncaa.org/team/704/roster/12424,UTEP Miners,Roster,2017
stats,http://stats.ncaa.org/team/704/stats/12424,UTEP Miners,Team Statistics,2017
history,http://stats.ncaa.org/teams/history/MFB/706,UTSA Roadrunners,Team History,2017
people,http://stats.ncaa.org/people/45395?sport_code=MFB,UTSA Roadrunners,Frank Wilson,2017
roster,http://stats.ncaa.org/team/706/roster/12424,UTSA Roadrunners,Roster,2017
stats,http://stats.ncaa.org/team/706/stats/12424,UTSA Roadrunners,Team Statistics,2017
history,http://stats.ncaa.org/teams/history/MFB/732,Utah Utes,Team History,2017
people,http://stats.ncaa.org/people/25052?sport_code=MFB,Utah Utes,Kyle Whittingham,2017
roster,http://stats.ncaa.org/team/732/roster/12424,Utah Utes,Roster,2017
stats,http://stats.ncaa.org/team/732/stats/12424,Utah Utes,Team Statistics,2017
history,http://stats.ncaa.org/teams/history/MFB/731,Utah St. Aggies,Team History,2017
people,http://stats.ncaa.org/people/41685?sport_code=MFB,Utah St. Aggies,Matt Wells,2017
roster,http://stats.ncaa.org/team/731/roster/12424,Utah St. Aggies,Roster,2017
stats,http://stats.ncaa.org/team/731/stats/12424,Utah St. Aggies,Team Statistics,2017
history,http://stats.ncaa.org/teams/history/MFB/736,Vanderbilt Commodores,Team History,2017
people,http://stats.ncaa.org/people/42977?sport_code=MFB,Vanderbilt Commodores,Derek Mason,2017
roster,http://stats.ncaa.org/team/736/roster/12424,Vanderbilt Commodores,Roster,2017
stats,http://stats.ncaa.org/team/736/stats/12424,Vanderbilt Commodores,Team Statistics,2017
history,http://stats.ncaa.org/teams/history/MFB/746,Virginia Cavaliers,Team History,2017
people,http://stats.ncaa.org/people/24968?sport_code=MFB,Virginia Cavaliers,Bronco Mendenhall,2017
roster,http://stats.ncaa.org/team/746/roster/12424,Virginia Cavaliers,Roster,2017
stats,http://stats.ncaa.org/team/746/stats/12424,Virginia Cavaliers,Team Statistics,2017
history,http://stats.ncaa.org/teams/history/MFB/742,Virginia Tech Hokies,Team History,2017
people,http://stats.ncaa.org/people/40881?sport_code=MFB,Virginia Tech Hokies,Justin Fuente,2017
roster,http://stats.ncaa.org/team/742/roster/12424,Virginia Tech Hokies,Roster,2017
stats,http://stats.ncaa.org/team/742/stats/12424,Virginia Tech Hokies,Team Statistics,2017
history,http://stats.ncaa.org/teams/history/MFB/749,Wake Forest Demon Deacons,Team History,2017
people,http://stats.ncaa.org/people/807?sport_code=MFB,Wake Forest Demon Deacons,Dave Clawson,2017
roster,http://stats.ncaa.org/team/749/roster/12424,Wake Forest Demon Deacons,Roster,2017
stats,http://stats.ncaa.org/team/749/stats/12424,Wake Forest Demon Deacons,Team Statistics,2017
history,http://stats.ncaa.org/teams/history/MFB/756,Washington Huskies,Team History,2017
people,http://stats.ncaa.org/people/27999?sport_code=MFB,Washington Huskies,Chris Petersen,2017
roster,http://stats.ncaa.org/team/756/roster/12424,Washington Huskies,Roster,2017
stats,http://stats.ncaa.org/team/756/stats/12424,Washington Huskies,Team Statistics,2017
history,http://stats.ncaa.org/teams/history/MFB/768,West Virginia Mountaineers,Team History,2017
people,http://stats.ncaa.org/people/37545?sport_code=MFB,West Virginia Mountaineers,Dana Holgorsen,2017
roster,http://stats.ncaa.org/team/768/roster/12424,West Virginia Mountaineers,Roster,2017
stats,http://stats.ncaa.org/team/768/stats/12424,West Virginia Mountaineers,Team Statistics,2017
history,http://stats.ncaa.org/teams/history/MFB/772,Western Ky. Hilltoppers,Team History,2017
people,http://stats.ncaa.org/people/42983?sport_code=MFB,Western Ky. Hilltoppers,Jeff Brohm,2017
people,http://stats.ncaa.org/people/21352?sport_code=MFB,Western Ky. Hilltoppers,Nick Holt,2017
roster,http://stats.ncaa.org/team/772/roster/12424,Western Ky. Hilltoppers,Roster,2017
stats,http://stats.ncaa.org/team/772/stats/12424,Western Ky. Hilltoppers,Team Statistics,2017
history,http://stats.ncaa.org/teams/history/MFB/774,Western Mich. Broncos,Team History,2017
people,http://stats.ncaa.org/people/41684?sport_code=MFB,Western Mich. Broncos,P.J. Fleck,2017
roster,http://stats.ncaa.org/team/774/roster/12424,Western Mich. Broncos,Roster,2017
stats,http://stats.ncaa.org/team/774/stats/12424,Western Mich. Broncos,Team Statistics,2017
history,http://stats.ncaa.org/teams/history/MFB/796,Wisconsin Badgers,Team History,2017
people,http://stats.ncaa.org/people/25784?sport_code=MFB,Wisconsin Badgers,Paul Chryst,2017
roster,http://stats.ncaa.org/team/796/roster/12424,Wisconsin Badgers,Roster,2017
stats,http://stats.ncaa.org/team/796/stats/12424,Wisconsin Badgers,Team Statistics,2017
history,http://stats.ncaa.org/teams/history/MFB/811,Wyoming Cowboys,Team History,2017
people,http://stats.ncaa.org/people/20685?sport_code=MFB,Wyoming Cowboys,Craig Bohl,2017
roster,http://stats.ncaa.org/team/811/roster/12424,Wyoming Cowboys,Roster,2017
stats,http://stats.ncaa.org/team/811/stats/12424,Wyoming Cowboys,Team Statistics,2017
history,http://stats.ncaa.org/teams/history/MFB/721,Air Force Falcons,Team History,2014
people,http://stats.ncaa.org/people/31099?sport_code=MFB,Air Force Falcons,Troy Calhoun,2014
roster,http://stats.ncaa.org/team/721/roster/11520,Air Force Falcons,Roster,2014
stats,http://stats.ncaa.org/team/721/stats/11520,Air Force Falcons,Team Statistics,2014
history,http://stats.ncaa.org/teams/history/MFB/754,Washington St. Cougars,Team History,2017
people,http://stats.ncaa.org/people/2710?sport_code=MFB,Washington St. Cougars,Mike Leach,2017
roster,http://stats.ncaa.org/team/754/roster/12424,Washington St. Cougars,Roster,2017
stats,http://stats.ncaa.org/team/754/stats/12424,Washington St. Cougars,Team Statistics,2017
history,http://stats.ncaa.org/teams/history/MFB/5,Akron Zips,Team History,2014
people,http://stats.ncaa.org/people/25564?sport_code=MFB,Akron Zips,Terry Bowden,2014
roster,http://stats.ncaa.org/team/5/roster/11520,Akron Zips,Roster,2014
stats,http://stats.ncaa.org/team/5/stats/11520,Akron Zips,Team Statistics,2014
history,http://stats.ncaa.org/teams/history/MFB/27,Appalachian St. Mountaineers,Team History,2014
people,http://stats.ncaa.org/people/41727?sport_code=MFB,Appalachian St. Mountaineers,Scott Satterfield,2014
roster,http://stats.ncaa.org/team/27/roster/11520,Appalachian St. Mountaineers,Roster,2014
stats,http://stats.ncaa.org/team/27/stats/11520,Appalachian St. Mountaineers,Team Statistics,2014
history,http://stats.ncaa.org/teams/history/MFB/8,Alabama Crimson Tide,Team History,2014
people,http://stats.ncaa.org/people/2826?sport_code=MFB,Alabama Crimson Tide,Nick Saban,2014
roster,http://stats.ncaa.org/team/8/roster/11520,Alabama Crimson Tide,Roster,2014
stats,http://stats.ncaa.org/team/8/stats/11520,Alabama Crimson Tide,Team Statistics,2014
history,http://stats.ncaa.org/teams/history/MFB/29,Arizona Wildcats,Team History,2014
people,http://stats.ncaa.org/people/3089?sport_code=MFB,Arizona Wildcats,Rich Rodriguez,2014
roster,http://stats.ncaa.org/team/29/roster/11520,Arizona Wildcats,Roster,2014
stats,http://stats.ncaa.org/team/29/stats/11520,Arizona Wildcats,Team Statistics,2014
history,http://stats.ncaa.org/teams/history/MFB/721,Air Force Falcons,Team History,2015
people,http://stats.ncaa.org/people/31099?sport_code=MFB,Air Force Falcons,Troy Calhoun,2015
roster,http://stats.ncaa.org/team/721/roster/11980,Air Force Falcons,Roster,2015
stats,http://stats.ncaa.org/team/721/stats/11980,Air Force Falcons,Team Statistics,2015
history,http://stats.ncaa.org/teams/history/MFB/31,Arkansas Razorbacks,Team History,2014
people,http://stats.ncaa.org/people/28008?sport_code=MFB,Arkansas Razorbacks,Bret Bielema,2014
roster,http://stats.ncaa.org/team/31/roster/11520,Arkansas Razorbacks,Roster,2014
stats,http://stats.ncaa.org/team/31/stats/11520,Arkansas Razorbacks,Team Statistics,2014
history,http://stats.ncaa.org/teams/history/MFB/725,Army West Point Black Knights,Team History,2014
people,http://stats.ncaa.org/people/3078?sport_code=MFB,Army West Point Black Knights,Rich Ellerson,2014
roster,http://stats.ncaa.org/team/725/roster/11520,Army West Point Black Knights,Roster,2014
stats,http://stats.ncaa.org/team/725/stats/11520,Army West Point Black Knights,Team Statistics,2014
history,http://stats.ncaa.org/teams/history/MFB/37,Auburn Tigers,Team History,2014
people,http://stats.ncaa.org/people/18897?sport_code=MFB,Auburn Tigers,Gus Malzahn,2014
roster,http://stats.ncaa.org/team/37/roster/11520,Auburn Tigers,Roster,2014
stats,http://stats.ncaa.org/team/37/stats/11520,Auburn Tigers,Team Statistics,2014
history,http://stats.ncaa.org/teams/history/MFB/77,BYU Cougars,Team History,2014
people,http://stats.ncaa.org/people/24968?sport_code=MFB,BYU Cougars,Bronco Mendenhall,2014
roster,http://stats.ncaa.org/team/77/roster/11520,BYU Cougars,Roster,2014
stats,http://stats.ncaa.org/team/77/stats/11520,BYU Cougars,Team Statistics,2014
history,http://stats.ncaa.org/teams/history/MFB/47,Ball St. Cardinals,Team History,2014
people,http://stats.ncaa.org/people/2969?sport_code=MFB,Ball St. Cardinals,Pete Lembo,2014
roster,http://stats.ncaa.org/team/47/roster/11520,Ball St. Cardinals,Roster,2014
stats,http://stats.ncaa.org/team/47/stats/11520,Ball St. Cardinals,Team Statistics,2014
history,http://stats.ncaa.org/teams/history/MFB/51,Baylor Bears,Team History,2014
people,http://stats.ncaa.org/people/21351?sport_code=MFB,Baylor Bears,Art Briles,2014
roster,http://stats.ncaa.org/team/51/roster/11520,Baylor Bears,Roster,2014
stats,http://stats.ncaa.org/team/51/stats/11520,Baylor Bears,Team Statistics,2014
history,http://stats.ncaa.org/teams/history/MFB/66,Boise St. Broncos,Team History,2014
people,http://stats.ncaa.org/people/27999?sport_code=MFB,Boise St. Broncos,Chris Petersen,2014
people,http://stats.ncaa.org/people/43189?sport_code=MFB,Boise St. Broncos,Bob Gregory,2014
roster,http://stats.ncaa.org/team/66/roster/11520,Boise St. Broncos,Roster,2014
stats,http://stats.ncaa.org/team/66/stats/11520,Boise St. Broncos,Team Statistics,2014
history,http://stats.ncaa.org/teams/history/MFB/27,Appalachian St. Mountaineers,Team History,2015
people,http://stats.ncaa.org/people/41727?sport_code=MFB,Appalachian St. Mountaineers,Scott Satterfield,2015
roster,http://stats.ncaa.org/team/27/roster/11980,Appalachian St. Mountaineers,Roster,2015
stats,http://stats.ncaa.org/team/27/stats/11980,Appalachian St. Mountaineers,Team Statistics,2015
history,http://stats.ncaa.org/teams/history/MFB/5,Akron Zips,Team History,2015
people,http://stats.ncaa.org/people/25564?sport_code=MFB,Akron Zips,Terry Bowden,2015
roster,http://stats.ncaa.org/team/5/roster/11980,Akron Zips,Roster,2015
stats,http://stats.ncaa.org/team/5/stats/11980,Akron Zips,Team Statistics,2015
history,http://stats.ncaa.org/teams/history/MFB/8,Alabama Crimson Tide,Team History,2015
people,http://stats.ncaa.org/people/2826?sport_code=MFB,Alabama Crimson Tide,Nick Saban,2015
roster,http://stats.ncaa.org/team/8/roster/11980,Alabama Crimson Tide,Roster,2015
stats,http://stats.ncaa.org/team/8/stats/11980,Alabama Crimson Tide,Team Statistics,2015
history,http://stats.ncaa.org/teams/history/MFB/29,Arizona Wildcats,Team History,2015
people,http://stats.ncaa.org/people/3089?sport_code=MFB,Arizona Wildcats,Rich Rodriguez,2015
roster,http://stats.ncaa.org/team/29/roster/11980,Arizona Wildcats,Roster,2015
stats,http://stats.ncaa.org/team/29/stats/11980,Arizona Wildcats,Team Statistics,2015
history,http://stats.ncaa.org/teams/history/MFB/28,Arizona St. Sun Devils,Team History,2015
people,http://stats.ncaa.org/people/28005?sport_code=MFB,Arizona St. Sun Devils,Todd Graham,2015
roster,http://stats.ncaa.org/team/28/roster/11980,Arizona St. Sun Devils,Roster,2015
stats,http://stats.ncaa.org/team/28/stats/11980,Arizona St. Sun Devils,Team Statistics,2015
history,http://stats.ncaa.org/teams/history/MFB/31,Arkansas Razorbacks,Team History,2015
people,http://stats.ncaa.org/people/28008?sport_code=MFB,Arkansas Razorbacks,Bret Bielema,2015
roster,http://stats.ncaa.org/team/31/roster/11980,Arkansas Razorbacks,Roster,2015
stats,http://stats.ncaa.org/team/31/stats/11980,Arkansas Razorbacks,Team Statistics,2015
history,http://stats.ncaa.org/teams/history/MFB/30,Arkansas St. Red Wolves,Team History,2015
people,http://stats.ncaa.org/people/42965?sport_code=MFB,Arkansas St. Red Wolves,Blake Anderson,2015
roster,http://stats.ncaa.org/team/30/roster/11980,Arkansas St. Red Wolves,Roster,2015
stats,http://stats.ncaa.org/team/30/stats/11980,Arkansas St. Red Wolves,Team Statistics,2015
history,http://stats.ncaa.org/teams/history/MFB/725,Army West Point Black Knights,Team History,2015
people,http://stats.ncaa.org/people/37004?sport_code=MFB,Army West Point Black Knights,Jeff Monken,2015
roster,http://stats.ncaa.org/team/725/roster/11980,Army West Point Black Knights,Roster,2015
stats,http://stats.ncaa.org/team/725/stats/11980,Army West Point Black Knights,Team Statistics,2015
history,http://stats.ncaa.org/teams/history/MFB/67,Boston College Eagles,Team History,2014
people,http://stats.ncaa.org/people/38547?sport_code=MFB,Boston College Eagles,Steve Addazio,2014
roster,http://stats.ncaa.org/team/67/roster/11520,Boston College Eagles,Roster,2014
stats,http://stats.ncaa.org/team/67/stats/11520,Boston College Eagles,Team Statistics,2014
history,http://stats.ncaa.org/teams/history/MFB/37,Auburn Tigers,Team History,2015
people,http://stats.ncaa.org/people/18897?sport_code=MFB,Auburn Tigers,Gus Malzahn,2015
roster,http://stats.ncaa.org/team/37/roster/11980,Auburn Tigers,Roster,2015
stats,http://stats.ncaa.org/team/37/stats/11980,Auburn Tigers,Team Statistics,2015
history,http://stats.ncaa.org/teams/history/MFB/71,Bowling Green Falcons,Team History,2014
people,http://stats.ncaa.org/people/807?sport_code=MFB,Bowling Green Falcons,Dave Clawson,2014
people,http://stats.ncaa.org/people/45735?sport_code=MFB,Bowling Green Falcons,Adam Scheier,2014
roster,http://stats.ncaa.org/team/71/roster/11520,Bowling Green Falcons,Roster,2014
stats,http://stats.ncaa.org/team/71/stats/11520,Bowling Green Falcons,Team Statistics,2014
history,http://stats.ncaa.org/teams/history/MFB/86,Buffalo Bulls,Team History,2014
people,http://stats.ncaa.org/people/31016?sport_code=MFB,Buffalo Bulls,Jeff Quinn,2014
roster,http://stats.ncaa.org/team/86/roster/11520,Buffalo Bulls,Roster,2014
stats,http://stats.ncaa.org/team/86/stats/11520,Buffalo Bulls,Team Statistics,2014
history,http://stats.ncaa.org/teams/history/MFB/107,California Golden Bears,Team History,2014
people,http://stats.ncaa.org/people/37006?sport_code=MFB,California Golden Bears,Sonny Dykes,2014
roster,http://stats.ncaa.org/team/107/roster/11520,California Golden Bears,Roster,2014
stats,http://stats.ncaa.org/team/107/stats/11520,California Golden Bears,Team Statistics,2014
history,http://stats.ncaa.org/teams/history/MFB/140,Cincinnati Bearcats,Team History,2014
people,http://stats.ncaa.org/people/3821?sport_code=MFB,Cincinnati Bearcats,Tommy Tuberville,2014
roster,http://stats.ncaa.org/team/140/roster/11520,Cincinnati Bearcats,Roster,2014
stats,http://stats.ncaa.org/team/140/stats/11520,Cincinnati Bearcats,Team Statistics,2014
history,http://stats.ncaa.org/teams/history/MFB/147,Clemson Tigers,Team History,2014
people,http://stats.ncaa.org/people/34932?sport_code=MFB,Clemson Tigers,Dabo Swinney,2014
roster,http://stats.ncaa.org/team/147/roster/11520,Clemson Tigers,Roster,2014
stats,http://stats.ncaa.org/team/147/stats/11520,Clemson Tigers,Team Statistics,2014
history,http://stats.ncaa.org/teams/history/MFB/157,Colorado Buffaloes,Team History,2014
people,http://stats.ncaa.org/people/37033?sport_code=MFB,Colorado Buffaloes,Mike MacIntyre,2014
roster,http://stats.ncaa.org/team/157/roster/11520,Colorado Buffaloes,Roster,2014
stats,http://stats.ncaa.org/team/157/stats/11520,Colorado Buffaloes,Team Statistics,2014
history,http://stats.ncaa.org/teams/history/MFB/47,Ball St. Cardinals,Team History,2015
people,http://stats.ncaa.org/people/2969?sport_code=MFB,Ball St. Cardinals,Pete Lembo,2015
roster,http://stats.ncaa.org/team/47/roster/11980,Ball St. Cardinals,Roster,2015
stats,http://stats.ncaa.org/team/47/stats/11980,Ball St. Cardinals,Team Statistics,2015
history,http://stats.ncaa.org/teams/history/MFB/51,Baylor Bears,Team History,2015
people,http://stats.ncaa.org/people/21351?sport_code=MFB,Baylor Bears,Art Briles,2015
roster,http://stats.ncaa.org/team/51/roster/11980,Baylor Bears,Roster,2015
stats,http://stats.ncaa.org/team/51/stats/11980,Baylor Bears,Team Statistics,2015
history,http://stats.ncaa.org/teams/history/MFB/77,BYU Cougars,Team History,2015
people,http://stats.ncaa.org/people/24968?sport_code=MFB,BYU Cougars,Bronco Mendenhall,2015
roster,http://stats.ncaa.org/team/77/roster/11980,BYU Cougars,Roster,2015
stats,http://stats.ncaa.org/team/77/stats/11980,BYU Cougars,Team Statistics,2015
history,http://stats.ncaa.org/teams/history/MFB/66,Boise St. Broncos,Team History,2015
people,http://stats.ncaa.org/people/41686?sport_code=MFB,Boise St. Broncos,Bryan Harsin,2015
roster,http://stats.ncaa.org/team/66/roster/11980,Boise St. Broncos,Roster,2015
stats,http://stats.ncaa.org/team/66/stats/11980,Boise St. Broncos,Team Statistics,2015
history,http://stats.ncaa.org/teams/history/MFB/67,Boston College Eagles,Team History,2015
people,http://stats.ncaa.org/people/38547?sport_code=MFB,Boston College Eagles,Steve Addazio,2015
roster,http://stats.ncaa.org/team/67/roster/11980,Boston College Eagles,Roster,2015
stats,http://stats.ncaa.org/team/67/stats/11980,Boston College Eagles,Team Statistics,2015
history,http://stats.ncaa.org/teams/history/MFB/71,Bowling Green Falcons,Team History,2015
people,http://stats.ncaa.org/people/40968?sport_code=MFB,Bowling Green Falcons,Dino Babers,2015
roster,http://stats.ncaa.org/team/71/roster/11980,Bowling Green Falcons,Roster,2015
stats,http://stats.ncaa.org/team/71/stats/11980,Bowling Green Falcons,Team Statistics,2015
history,http://stats.ncaa.org/teams/history/MFB/86,Buffalo Bulls,Team History,2015
people,http://stats.ncaa.org/people/31016?sport_code=MFB,Buffalo Bulls,Jeff Quinn,2015
people,http://stats.ncaa.org/people/25587?sport_code=MFB,Buffalo Bulls,Alex Wood,2015
roster,http://stats.ncaa.org/team/86/roster/11980,Buffalo Bulls,Roster,2015
stats,http://stats.ncaa.org/team/86/stats/11980,Buffalo Bulls,Team Statistics,2015
history,http://stats.ncaa.org/teams/history/MFB/193,Duke Blue Devils,Team History,2014
people,http://stats.ncaa.org/people/856?sport_code=MFB,Duke Blue Devils,David Cutcliffe,2014
roster,http://stats.ncaa.org/team/193/roster/11520,Duke Blue Devils,Roster,2014
stats,http://stats.ncaa.org/team/193/stats/11520,Duke Blue Devils,Team Statistics,2014
history,http://stats.ncaa.org/teams/history/MFB/196,East Carolina Pirates,Team History,2014
people,http://stats.ncaa.org/people/36711?sport_code=MFB,East Carolina Pirates,Ruffin McNeill,2014
roster,http://stats.ncaa.org/team/196/roster/11520,East Carolina Pirates,Roster,2014
stats,http://stats.ncaa.org/team/196/stats/11520,East Carolina Pirates,Team Statistics,2014
history,http://stats.ncaa.org/teams/history/MFB/204,Eastern Mich. Eagles,Team History,2014
people,http://stats.ncaa.org/people/35864?sport_code=MFB,Eastern Mich. Eagles,Ron English,2014
people,http://stats.ncaa.org/people/27809?sport_code=MFB,Eastern Mich. Eagles,Stan Parrish,2014
roster,http://stats.ncaa.org/team/204/roster/11520,Eastern Mich. Eagles,Roster,2014
stats,http://stats.ncaa.org/team/204/stats/11520,Eastern Mich. Eagles,Team Statistics,2014
history,http://stats.ncaa.org/teams/history/MFB/229,Fla. Atlantic Owls,Team History,2014
people,http://stats.ncaa.org/people/39896?sport_code=MFB,Fla. Atlantic Owls,Carl Pelini,2014
people,http://stats.ncaa.org/people/42421?sport_code=MFB,Fla. Atlantic Owls,Brian Wright,2014
roster,http://stats.ncaa.org/team/229/roster/11520,Fla. Atlantic Owls,Roster,2014
stats,http://stats.ncaa.org/team/229/stats/11520,Fla. Atlantic Owls,Team Statistics,2014
history,http://stats.ncaa.org/teams/history/MFB/234,Florida St. Seminoles,Team History,2014
people,http://stats.ncaa.org/people/37001?sport_code=MFB,Florida St. Seminoles,Jimbo Fisher,2014
roster,http://stats.ncaa.org/team/234/roster/11520,Florida St. Seminoles,Roster,2014
stats,http://stats.ncaa.org/team/234/stats/11520,Florida St. Seminoles,Team Statistics,2014
history,http://stats.ncaa.org/teams/history/MFB/96,Fresno St. Bulldogs,Team History,2014
people,http://stats.ncaa.org/people/40878?sport_code=MFB,Fresno St. Bulldogs,Tim DeRuyter,2014
roster,http://stats.ncaa.org/team/96/roster/11520,Fresno St. Bulldogs,Roster,2014
stats,http://stats.ncaa.org/team/96/stats/11520,Fresno St. Bulldogs,Team Statistics,2014
history,http://stats.ncaa.org/teams/history/MFB/458,Charlotte 49ers,Team History,2015
people,http://stats.ncaa.org/people/42447?sport_code=MFB,Charlotte 49ers,Brad Lambert,2015
roster,http://stats.ncaa.org/team/458/roster/11980,Charlotte 49ers,Roster,2015
stats,http://stats.ncaa.org/team/458/stats/11980,Charlotte 49ers,Team Statistics,2015
history,http://stats.ncaa.org/teams/history/MFB/140,Cincinnati Bearcats,Team History,2015
people,http://stats.ncaa.org/people/3821?sport_code=MFB,Cincinnati Bearcats,Tommy Tuberville,2015
roster,http://stats.ncaa.org/team/140/roster/11980,Cincinnati Bearcats,Roster,2015
stats,http://stats.ncaa.org/team/140/stats/11980,Cincinnati Bearcats,Team Statistics,2015
history,http://stats.ncaa.org/teams/history/MFB/147,Clemson Tigers,Team History,2015
people,http://stats.ncaa.org/people/34932?sport_code=MFB,Clemson Tigers,Dabo Swinney,2015
roster,http://stats.ncaa.org/team/147/roster/11980,Clemson Tigers,Roster,2015
stats,http://stats.ncaa.org/team/147/stats/11980,Clemson Tigers,Team Statistics,2015
history,http://stats.ncaa.org/teams/history/MFB/157,Colorado Buffaloes,Team History,2015
people,http://stats.ncaa.org/people/37033?sport_code=MFB,Colorado Buffaloes,Mike MacIntyre,2015
roster,http://stats.ncaa.org/team/157/roster/11980,Colorado Buffaloes,Roster,2015
stats,http://stats.ncaa.org/team/157/stats/11980,Colorado Buffaloes,Team Statistics,2015
history,http://stats.ncaa.org/teams/history/MFB/156,Colorado St. Rams,Team History,2015
people,http://stats.ncaa.org/people/40992?sport_code=MFB,Colorado St. Rams,Jim McElwain,2015
people,http://stats.ncaa.org/people/25177?sport_code=MFB,Colorado St. Rams,Dave Baldwin,2015
roster,http://stats.ncaa.org/team/156/roster/11980,Colorado St. Rams,Roster,2015
stats,http://stats.ncaa.org/team/156/stats/11980,Colorado St. Rams,Team Statistics,2015
history,http://stats.ncaa.org/teams/history/MFB/193,Duke Blue Devils,Team History,2015
people,http://stats.ncaa.org/people/856?sport_code=MFB,Duke Blue Devils,David Cutcliffe,2015
roster,http://stats.ncaa.org/team/193/roster/11980,Duke Blue Devils,Roster,2015
stats,http://stats.ncaa.org/team/193/stats/11980,Duke Blue Devils,Team Statistics,2015
history,http://stats.ncaa.org/teams/history/MFB/196,East Carolina Pirates,Team History,2015
people,http://stats.ncaa.org/people/36711?sport_code=MFB,East Carolina Pirates,Ruffin McNeill,2015
roster,http://stats.ncaa.org/team/196/roster/11980,East Carolina Pirates,Roster,2015
stats,http://stats.ncaa.org/team/196/stats/11980,East Carolina Pirates,Team Statistics,2015
history,http://stats.ncaa.org/teams/history/MFB/204,Eastern Mich. Eagles,Team History,2015
people,http://stats.ncaa.org/people/617?sport_code=MFB,Eastern Mich. Eagles,Chris Creighton,2015
roster,http://stats.ncaa.org/team/204/roster/11980,Eastern Mich. Eagles,Roster,2015
stats,http://stats.ncaa.org/team/204/stats/11980,Eastern Mich. Eagles,Team Statistics,2015
history,http://stats.ncaa.org/teams/history/MFB/231,FIU Panthers,Team History,2015
people,http://stats.ncaa.org/people/3283?sport_code=MFB,FIU Panthers,Ron Turner,2015
roster,http://stats.ncaa.org/team/231/roster/11980,FIU Panthers,Roster,2015
stats,http://stats.ncaa.org/team/231/stats/11980,FIU Panthers,Team Statistics,2015
history,http://stats.ncaa.org/teams/history/MFB/253,Ga. Southern Eagles,Team History,2014
people,http://stats.ncaa.org/people/37004?sport_code=MFB,Ga. Southern Eagles,Jeff Monken,2014
roster,http://stats.ncaa.org/team/253/roster/11520,Ga. Southern Eagles,Roster,2014
stats,http://stats.ncaa.org/team/253/stats/11520,Ga. Southern Eagles,Team Statistics,2014
history,http://stats.ncaa.org/teams/history/MFB/254,Georgia St. Panthers,Team History,2014
people,http://stats.ncaa.org/people/33449?sport_code=MFB,Georgia St. Panthers,Trent Miles,2014
roster,http://stats.ncaa.org/team/254/roster/11520,Georgia St. Panthers,Roster,2014
stats,http://stats.ncaa.org/team/254/stats/11520,Georgia St. Panthers,Team Statistics,2014
history,http://stats.ncaa.org/teams/history/MFB/257,Georgia Bulldogs,Team History,2014
people,http://stats.ncaa.org/people/2504?sport_code=MFB,Georgia Bulldogs,Mark Richt,2014
roster,http://stats.ncaa.org/team/257/roster/11520,Georgia Bulldogs,Roster,2014
stats,http://stats.ncaa.org/team/257/stats/11520,Georgia Bulldogs,Team Statistics,2014
history,http://stats.ncaa.org/teams/history/MFB/277,Hawaii Rainbow Warriors,Team History,2014
people,http://stats.ncaa.org/people/40879?sport_code=MFB,Hawaii Rainbow Warriors,Norm Chow,2014
roster,http://stats.ncaa.org/team/277/roster/11520,Hawaii Rainbow Warriors,Roster,2014
stats,http://stats.ncaa.org/team/277/stats/11520,Hawaii Rainbow Warriors,Team Statistics,2014
history,http://stats.ncaa.org/teams/history/MFB/288,Houston Cougars,Team History,2014
people,http://stats.ncaa.org/people/40880?sport_code=MFB,Houston Cougars,Tony Levine,2014
roster,http://stats.ncaa.org/team/288/roster/11520,Houston Cougars,Roster,2014
stats,http://stats.ncaa.org/team/288/stats/11520,Houston Cougars,Team Statistics,2014
history,http://stats.ncaa.org/teams/history/MFB/295,Idaho Vandals,Team History,2014
people,http://stats.ncaa.org/people/41709?sport_code=MFB,Idaho Vandals,Paul Petrino,2014
roster,http://stats.ncaa.org/team/295/roster/11520,Idaho Vandals,Roster,2014
stats,http://stats.ncaa.org/team/295/stats/11520,Idaho Vandals,Team Statistics,2014
history,http://stats.ncaa.org/teams/history/MFB/301,Illinois Fighting Illini,Team History,2014
people,http://stats.ncaa.org/people/35872?sport_code=MFB,Illinois Fighting Illini,Tim Beckman,2014
roster,http://stats.ncaa.org/team/301/roster/11520,Illinois Fighting Illini,Roster,2014
stats,http://stats.ncaa.org/team/301/stats/11520,Illinois Fighting Illini,Team Statistics,2014
history,http://stats.ncaa.org/teams/history/MFB/306,Indiana Hoosiers,Team History,2014
people,http://stats.ncaa.org/people/38534?sport_code=MFB,Indiana Hoosiers,Kevin Wilson,2014
roster,http://stats.ncaa.org/team/306/roster/11520,Indiana Hoosiers,Roster,2014
stats,http://stats.ncaa.org/team/306/stats/11520,Indiana Hoosiers,Team Statistics,2014
history,http://stats.ncaa.org/teams/history/MFB/229,Fla. Atlantic Owls,Team History,2015
people,http://stats.ncaa.org/people/42982?sport_code=MFB,Fla. Atlantic Owls,Charlie Partridge,2015
roster,http://stats.ncaa.org/team/229/roster/11980,Fla. Atlantic Owls,Roster,2015
stats,http://stats.ncaa.org/team/229/stats/11980,Fla. Atlantic Owls,Team Statistics,2015
history,http://stats.ncaa.org/teams/history/MFB/235,Florida Gators,Team History,2015
people,http://stats.ncaa.org/people/38515?sport_code=MFB,Florida Gators,Will Muschamp,2015
people,http://stats.ncaa.org/people/44008?sport_code=MFB,Florida Gators,D.J. Durkin,2015
roster,http://stats.ncaa.org/team/235/roster/11980,Florida Gators,Roster,2015
stats,http://stats.ncaa.org/team/235/stats/11980,Florida Gators,Team Statistics,2015
history,http://stats.ncaa.org/teams/history/MFB/234,Florida St. Seminoles,Team History,2015
people,http://stats.ncaa.org/people/37001?sport_code=MFB,Florida St. Seminoles,Jimbo Fisher,2015
roster,http://stats.ncaa.org/team/234/roster/11980,Florida St. Seminoles,Roster,2015
stats,http://stats.ncaa.org/team/234/stats/11980,Florida St. Seminoles,Team Statistics,2015
history,http://stats.ncaa.org/teams/history/MFB/253,Ga. Southern Eagles,Team History,2015
history,http://stats.ncaa.org/teams/history/MFB/96,Fresno St. Bulldogs,Team History,2015
people,http://stats.ncaa.org/people/3953?sport_code=MFB,Ga. Southern Eagles,Willie Fritz,2015
roster,http://stats.ncaa.org/team/253/roster/11980,Ga. Southern Eagles,Roster,2015
stats,http://stats.ncaa.org/team/253/stats/11980,Ga. Southern Eagles,Team Statistics,2015
people,http://stats.ncaa.org/people/40878?sport_code=MFB,Fresno St. Bulldogs,Tim DeRuyter,2015
roster,http://stats.ncaa.org/team/96/roster/11980,Fresno St. Bulldogs,Roster,2015
stats,http://stats.ncaa.org/team/96/stats/11980,Fresno St. Bulldogs,Team Statistics,2015
history,http://stats.ncaa.org/teams/history/MFB/257,Georgia Bulldogs,Team History,2015
people,http://stats.ncaa.org/people/2504?sport_code=MFB,Georgia Bulldogs,Mark Richt,2015
roster,http://stats.ncaa.org/team/257/roster/11980,Georgia Bulldogs,Roster,2015
stats,http://stats.ncaa.org/team/257/stats/11980,Georgia Bulldogs,Team Statistics,2015
history,http://stats.ncaa.org/teams/history/MFB/254,Georgia St. Panthers,Team History,2015
people,http://stats.ncaa.org/people/33449?sport_code=MFB,Georgia St. Panthers,Trent Miles,2015
roster,http://stats.ncaa.org/team/254/roster/11980,Georgia St. Panthers,Roster,2015
stats,http://stats.ncaa.org/team/254/stats/11980,Georgia St. Panthers,Team Statistics,2015
history,http://stats.ncaa.org/teams/history/MFB/255,Georgia Tech Yellow Jackets,Team History,2015
people,http://stats.ncaa.org/people/2926?sport_code=MFB,Georgia Tech Yellow Jackets,Paul Johnson,2015
roster,http://stats.ncaa.org/team/255/roster/11980,Georgia Tech Yellow Jackets,Roster,2015
stats,http://stats.ncaa.org/team/255/stats/11980,Georgia Tech Yellow Jackets,Team Statistics,2015
history,http://stats.ncaa.org/teams/history/MFB/277,Hawaii Rainbow Warriors,Team History,2015
people,http://stats.ncaa.org/people/40879?sport_code=MFB,Hawaii Rainbow Warriors,Norm Chow,2015
roster,http://stats.ncaa.org/team/277/roster/11980,Hawaii Rainbow Warriors,Roster,2015
stats,http://stats.ncaa.org/team/277/stats/11980,Hawaii Rainbow Warriors,Team Statistics,2015
history,http://stats.ncaa.org/teams/history/MFB/312,Iowa Hawkeyes,Team History,2014
people,http://stats.ncaa.org/people/2233?sport_code=MFB,Iowa Hawkeyes,Kirk Ferentz,2014
roster,http://stats.ncaa.org/team/312/roster/11520,Iowa Hawkeyes,Roster,2014
stats,http://stats.ncaa.org/team/312/stats/11520,Iowa Hawkeyes,Team Statistics,2014
history,http://stats.ncaa.org/teams/history/MFB/311,Iowa St. Cyclones,Team History,2014
people,http://stats.ncaa.org/people/35865?sport_code=MFB,Iowa St. Cyclones,Paul Rhoads,2014
roster,http://stats.ncaa.org/team/311/roster/11520,Iowa St. Cyclones,Roster,2014
stats,http://stats.ncaa.org/team/311/stats/11520,Iowa St. Cyclones,Team Statistics,2014
history,http://stats.ncaa.org/teams/history/MFB/328,Kansas Jayhawks,Team History,2014
people,http://stats.ncaa.org/people/25046?sport_code=MFB,Kansas Jayhawks,Charlie Weis,2014
roster,http://stats.ncaa.org/team/328/roster/11520,Kansas Jayhawks,Roster,2014
stats,http://stats.ncaa.org/team/328/stats/11520,Kansas Jayhawks,Team Statistics,2014
history,http://stats.ncaa.org/teams/history/MFB/327,Kansas St. Wildcats,Team History,2014
people,http://stats.ncaa.org/people/253?sport_code=MFB,Kansas St. Wildcats,Bill Snyder,2014
roster,http://stats.ncaa.org/team/327/roster/11520,Kansas St. Wildcats,Roster,2014
stats,http://stats.ncaa.org/team/327/stats/11520,Kansas St. Wildcats,Team Statistics,2014
history,http://stats.ncaa.org/teams/history/MFB/331,Kent St. Golden Flashes,Team History,2014
people,http://stats.ncaa.org/people/41500?sport_code=MFB,Kent St. Golden Flashes,Paul Haynes,2014
roster,http://stats.ncaa.org/team/331/roster/11520,Kent St. Golden Flashes,Roster,2014
stats,http://stats.ncaa.org/team/331/stats/11520,Kent St. Golden Flashes,Team Statistics,2014
history,http://stats.ncaa.org/teams/history/MFB/334,Kentucky Wildcats,Team History,2014
people,http://stats.ncaa.org/people/41710?sport_code=MFB,Kentucky Wildcats,Mark Stoops,2014
roster,http://stats.ncaa.org/team/334/roster/11520,Kentucky Wildcats,Roster,2014
stats,http://stats.ncaa.org/team/334/stats/11520,Kentucky Wildcats,Team Statistics,2014
history,http://stats.ncaa.org/teams/history/MFB/365,LSU Fighting Tigers,Team History,2014
people,http://stats.ncaa.org/people/2361?sport_code=MFB,LSU Fighting Tigers,Les Miles,2014
roster,http://stats.ncaa.org/team/365/roster/11520,LSU Fighting Tigers,Roster,2014
stats,http://stats.ncaa.org/team/365/stats/11520,LSU Fighting Tigers,Team Statistics,2014
history,http://stats.ncaa.org/teams/history/MFB/498,La.-Monroe Warhawks,Team History,2014
people,http://stats.ncaa.org/people/3710?sport_code=MFB,La.-Monroe Warhawks,Todd Berry,2014
roster,http://stats.ncaa.org/team/498/roster/11520,La.-Monroe Warhawks,Roster,2014
stats,http://stats.ncaa.org/team/498/stats/11520,La.-Monroe Warhawks,Team Statistics,2014
history,http://stats.ncaa.org/teams/history/MFB/671,Louisiana Ragin' Cajuns,Team History,2014
people,http://stats.ncaa.org/people/20684?sport_code=MFB,Louisiana Ragin' Cajuns,Mark Hudspeth,2014
roster,http://stats.ncaa.org/team/671/roster/11520,Louisiana Ragin' Cajuns,Roster,2014
stats,http://stats.ncaa.org/team/671/stats/11520,Louisiana Ragin' Cajuns,Team Statistics,2014
history,http://stats.ncaa.org/teams/history/MFB/288,Houston Cougars,Team History,2015
people,http://stats.ncaa.org/people/44010?sport_code=MFB,Houston Cougars,David Gibbs,2015
people,http://stats.ncaa.org/people/40880?sport_code=MFB,Houston Cougars,Tony Levine,2015
roster,http://stats.ncaa.org/team/288/roster/11980,Houston Cougars,Roster,2015
stats,http://stats.ncaa.org/team/288/stats/11980,Houston Cougars,Team Statistics,2015
history,http://stats.ncaa.org/teams/history/MFB/295,Idaho Vandals,Team History,2015
people,http://stats.ncaa.org/people/41709?sport_code=MFB,Idaho Vandals,Paul Petrino,2015
roster,http://stats.ncaa.org/team/295/roster/11980,Idaho Vandals,Roster,2015
stats,http://stats.ncaa.org/team/295/stats/11980,Idaho Vandals,Team Statistics,2015
history,http://stats.ncaa.org/teams/history/MFB/301,Illinois Fighting Illini,Team History,2015
people,http://stats.ncaa.org/people/35872?sport_code=MFB,Illinois Fighting Illini,Tim Beckman,2015
roster,http://stats.ncaa.org/team/301/roster/11980,Illinois Fighting Illini,Roster,2015
stats,http://stats.ncaa.org/team/301/stats/11980,Illinois Fighting Illini,Team Statistics,2015
history,http://stats.ncaa.org/teams/history/MFB/306,Indiana Hoosiers,Team History,2015
people,http://stats.ncaa.org/people/38534?sport_code=MFB,Indiana Hoosiers,Kevin Wilson,2015
roster,http://stats.ncaa.org/team/306/roster/11980,Indiana Hoosiers,Roster,2015
stats,http://stats.ncaa.org/team/306/stats/11980,Indiana Hoosiers,Team Statistics,2015
history,http://stats.ncaa.org/teams/history/MFB/312,Iowa Hawkeyes,Team History,2015
people,http://stats.ncaa.org/people/2233?sport_code=MFB,Iowa Hawkeyes,Kirk Ferentz,2015
roster,http://stats.ncaa.org/team/312/roster/11980,Iowa Hawkeyes,Roster,2015
stats,http://stats.ncaa.org/team/312/stats/11980,Iowa Hawkeyes,Team Statistics,2015
history,http://stats.ncaa.org/teams/history/MFB/311,Iowa St. Cyclones,Team History,2015
people,http://stats.ncaa.org/people/35865?sport_code=MFB,Iowa St. Cyclones,Paul Rhoads,2015
roster,http://stats.ncaa.org/team/311/roster/11980,Iowa St. Cyclones,Roster,2015
stats,http://stats.ncaa.org/team/311/stats/11980,Iowa St. Cyclones,Team Statistics,2015
history,http://stats.ncaa.org/teams/history/MFB/327,Kansas St. Wildcats,Team History,2015
people,http://stats.ncaa.org/people/253?sport_code=MFB,Kansas St. Wildcats,Bill Snyder,2015
roster,http://stats.ncaa.org/team/327/roster/11980,Kansas St. Wildcats,Roster,2015
stats,http://stats.ncaa.org/team/327/stats/11980,Kansas St. Wildcats,Team Statistics,2015
history,http://stats.ncaa.org/teams/history/MFB/331,Kent St. Golden Flashes,Team History,2015
people,http://stats.ncaa.org/people/41500?sport_code=MFB,Kent St. Golden Flashes,Paul Haynes,2015
roster,http://stats.ncaa.org/team/331/roster/11980,Kent St. Golden Flashes,Roster,2015
stats,http://stats.ncaa.org/team/331/stats/11980,Kent St. Golden Flashes,Team Statistics,2015
history,http://stats.ncaa.org/teams/history/MFB/366,Louisiana Tech Bulldogs,Team History,2014
people,http://stats.ncaa.org/people/25072?sport_code=MFB,Louisiana Tech Bulldogs,Skip Holtz,2014
roster,http://stats.ncaa.org/team/366/roster/11520,Louisiana Tech Bulldogs,Roster,2014
stats,http://stats.ncaa.org/team/366/stats/11520,Louisiana Tech Bulldogs,Team Statistics,2014
history,http://stats.ncaa.org/teams/history/MFB/392,"Maryland Terrapins, Terps",Team History,2014
people,http://stats.ncaa.org/people/3032?sport_code=MFB,"Maryland Terrapins, Terps",Randy Edsall,2014
roster,http://stats.ncaa.org/team/392/roster/11520,"Maryland Terrapins, Terps",Roster,2014
stats,http://stats.ncaa.org/team/392/stats/11520,"Maryland Terrapins, Terps",Team Statistics,2014
history,http://stats.ncaa.org/teams/history/MFB/328,Kansas Jayhawks,Team History,2015
people,http://stats.ncaa.org/people/25046?sport_code=MFB,Kansas Jayhawks,Charlie Weis,2015
people,http://stats.ncaa.org/people/44012?sport_code=MFB,Kansas Jayhawks,Clint Bowen,2015
roster,http://stats.ncaa.org/team/328/roster/11980,Kansas Jayhawks,Roster,2015
stats,http://stats.ncaa.org/team/328/stats/11980,Kansas Jayhawks,Team Statistics,2015
history,http://stats.ncaa.org/teams/history/MFB/400,Massachusetts Minutemen,Team History,2014
people,http://stats.ncaa.org/people/40966?sport_code=MFB,Massachusetts Minutemen,Charley Molnar,2014
roster,http://stats.ncaa.org/team/400/roster/11520,Massachusetts Minutemen,Roster,2014
stats,http://stats.ncaa.org/team/400/stats/11520,Massachusetts Minutemen,Team Statistics,2014
history,http://stats.ncaa.org/teams/history/MFB/404,Memphis Tigers,Team History,2014
people,http://stats.ncaa.org/people/40881?sport_code=MFB,Memphis Tigers,Justin Fuente,2014
roster,http://stats.ncaa.org/team/404/roster/11520,Memphis Tigers,Roster,2014
stats,http://stats.ncaa.org/team/404/stats/11520,Memphis Tigers,Team Statistics,2014
history,http://stats.ncaa.org/teams/history/MFB/415,Miami (FL) Hurricanes,Team History,2014
people,http://stats.ncaa.org/people/28007?sport_code=MFB,Miami (FL) Hurricanes,Al Golden,2014
roster,http://stats.ncaa.org/team/415/roster/11520,Miami (FL) Hurricanes,Roster,2014
stats,http://stats.ncaa.org/team/415/stats/11520,Miami (FL) Hurricanes,Team Statistics,2014
history,http://stats.ncaa.org/teams/history/MFB/414,Miami (OH) RedHawks,Team History,2014
people,http://stats.ncaa.org/people/38536?sport_code=MFB,Miami (OH) RedHawks,Don Treadwell,2014
people,http://stats.ncaa.org/people/42321?sport_code=MFB,Miami (OH) RedHawks,Mike Bath,2014
roster,http://stats.ncaa.org/team/414/roster/11520,Miami (OH) RedHawks,Roster,2014
stats,http://stats.ncaa.org/team/414/stats/11520,Miami (OH) RedHawks,Team Statistics,2014
history,http://stats.ncaa.org/teams/history/MFB/418,Michigan Wolverines,Team History,2014
people,http://stats.ncaa.org/people/21342?sport_code=MFB,Michigan Wolverines,Brady Hoke,2014
roster,http://stats.ncaa.org/team/418/roster/11520,Michigan Wolverines,Roster,2014
stats,http://stats.ncaa.org/team/418/stats/11520,Michigan Wolverines,Team Statistics,2014
history,http://stats.ncaa.org/teams/history/MFB/365,LSU Fighting Tigers,Team History,2015
people,http://stats.ncaa.org/people/2361?sport_code=MFB,LSU Fighting Tigers,Les Miles,2015
roster,http://stats.ncaa.org/team/365/roster/11980,LSU Fighting Tigers,Roster,2015
stats,http://stats.ncaa.org/team/365/stats/11980,LSU Fighting Tigers,Team Statistics,2015
history,http://stats.ncaa.org/teams/history/MFB/334,Kentucky Wildcats,Team History,2015
people,http://stats.ncaa.org/people/41710?sport_code=MFB,Kentucky Wildcats,Mark Stoops,2015
roster,http://stats.ncaa.org/team/334/roster/11980,Kentucky Wildcats,Roster,2015
stats,http://stats.ncaa.org/team/334/stats/11980,Kentucky Wildcats,Team Statistics,2015
history,http://stats.ncaa.org/teams/history/MFB/231,FIU Panthers,Team History,2014
people,http://stats.ncaa.org/people/3283?sport_code=MFB,FIU Panthers,Ron Turner,2014
roster,http://stats.ncaa.org/team/231/roster/11520,FIU Panthers,Roster,2014
stats,http://stats.ncaa.org/team/231/stats/11520,FIU Panthers,Team Statistics,2014
history,http://stats.ncaa.org/teams/history/MFB/498,La.-Monroe Warhawks,Team History,2015
people,http://stats.ncaa.org/people/3710?sport_code=MFB,La.-Monroe Warhawks,Todd Berry,2015
roster,http://stats.ncaa.org/team/498/roster/11980,La.-Monroe Warhawks,Roster,2015
stats,http://stats.ncaa.org/team/498/stats/11980,La.-Monroe Warhawks,Team Statistics,2015
history,http://stats.ncaa.org/teams/history/MFB/366,Louisiana Tech Bulldogs,Team History,2015
people,http://stats.ncaa.org/people/25072?sport_code=MFB,Louisiana Tech Bulldogs,Skip Holtz,2015
roster,http://stats.ncaa.org/team/366/roster/11980,Louisiana Tech Bulldogs,Roster,2015
stats,http://stats.ncaa.org/team/366/stats/11980,Louisiana Tech Bulldogs,Team Statistics,2015
history,http://stats.ncaa.org/teams/history/MFB/671,Louisiana Ragin' Cajuns,Team History,2015
people,http://stats.ncaa.org/people/20684?sport_code=MFB,Louisiana Ragin' Cajuns,Mark Hudspeth,2015
roster,http://stats.ncaa.org/team/671/roster/11980,Louisiana Ragin' Cajuns,Roster,2015
stats,http://stats.ncaa.org/team/671/stats/11980,Louisiana Ragin' Cajuns,Team Statistics,2015
history,http://stats.ncaa.org/teams/history/MFB/416,Michigan St. Spartans,Team History,2014
people,http://stats.ncaa.org/people/24978?sport_code=MFB,Michigan St. Spartans,Mark Dantonio,2014
roster,http://stats.ncaa.org/team/416/roster/11520,Michigan St. Spartans,Roster,2014
stats,http://stats.ncaa.org/team/416/stats/11520,Michigan St. Spartans,Team Statistics,2014
history,http://stats.ncaa.org/teams/history/MFB/419,Middle Tenn. Blue Raiders,Team History,2014
people,http://stats.ncaa.org/people/28004?sport_code=MFB,Middle Tenn. Blue Raiders,Rick Stockstill,2014
roster,http://stats.ncaa.org/team/419/roster/11520,Middle Tenn. Blue Raiders,Roster,2014
stats,http://stats.ncaa.org/team/419/stats/11520,Middle Tenn. Blue Raiders,Team Statistics,2014
history,http://stats.ncaa.org/teams/history/MFB/430,Mississippi St. Bulldogs,Team History,2014
people,http://stats.ncaa.org/people/35867?sport_code=MFB,Mississippi St. Bulldogs,Dan Mullen,2014
roster,http://stats.ncaa.org/team/430/roster/11520,Mississippi St. Bulldogs,Roster,2014
stats,http://stats.ncaa.org/team/430/stats/11520,Mississippi St. Bulldogs,Team Statistics,2014
history,http://stats.ncaa.org/teams/history/MFB/428,Minnesota Golden Gophers,Team History,2014
                                                                                                                                                                                                                                                                                                                                                                                                                                                                                                                                                                                                                                                                                                                                                                                                                                                                                                                                                                                                                                                        